objective,kind,threshold,frac_sow,frac_realization,stringency_sow,is_default,candidate_label
nyc_delivery_reliability_weekly,ge,0.5,1.0,1.0,0.0,False,stakeholder_floor
nyc_delivery_reliability_weekly,ge,0.50225,1.0,1.0,0.0,False,
nyc_delivery_reliability_weekly,ge,0.5045,1.0,1.0,0.0,False,
nyc_delivery_reliability_weekly,ge,0.50675,1.0,1.0,0.0,False,
nyc_delivery_reliability_weekly,ge,0.509,1.0,1.0,0.0,False,
nyc_delivery_reliability_weekly,ge,0.51125,1.0,1.0,0.0,False,
nyc_delivery_reliability_weekly,ge,0.5135,1.0,1.0,0.0,False,
nyc_delivery_reliability_weekly,ge,0.51575,1.0,1.0,0.0,False,
nyc_delivery_reliability_weekly,ge,0.518,1.0,1.0,0.0,False,
nyc_delivery_reliability_weekly,ge,0.52025,1.0,1.0,0.0,False,
nyc_delivery_reliability_weekly,ge,0.5225,1.0,1.0,0.0,False,
nyc_delivery_reliability_weekly,ge,0.52475,1.0,1.0,0.0,False,
nyc_delivery_reliability_weekly,ge,0.527,1.0,1.0,0.0,False,
nyc_delivery_reliability_weekly,ge,0.52925,1.0,1.0,0.0,False,
nyc_delivery_reliability_weekly,ge,0.5315,1.0,1.0,0.0,False,
nyc_delivery_reliability_weekly,ge,0.53375,1.0,1.0,0.0,False,
nyc_delivery_reliability_weekly,ge,0.536,1.0,1.0,0.0,False,
nyc_delivery_reliability_weekly,ge,0.53825,1.0,1.0,0.0,False,
nyc_delivery_reliability_weekly,ge,0.5405,1.0,0.99996,0.0,False,
nyc_delivery_reliability_weekly,ge,0.54275,1.0,0.99996,0.0,False,
nyc_delivery_reliability_weekly,ge,0.545,1.0,0.99996,0.0,False,
nyc_delivery_reliability_weekly,ge,0.54725,1.0,0.99996,0.0,False,
nyc_delivery_reliability_weekly,ge,0.5495,1.0,0.99992,0.0,False,
nyc_delivery_reliability_weekly,ge,0.55175,1.0,0.99992,0.0,False,
nyc_delivery_reliability_weekly,ge,0.554,1.0,0.99988,0.0,False,
nyc_delivery_reliability_weekly,ge,0.55625,1.0,0.99984,0.0,False,
nyc_delivery_reliability_weekly,ge,0.5585,1.0,0.99984,0.0,False,
nyc_delivery_reliability_weekly,ge,0.56075,1.0,0.9998,0.0,False,
nyc_delivery_reliability_weekly,ge,0.563,1.0,0.9998,0.0,False,
nyc_delivery_reliability_weekly,ge,0.56525,1.0,0.9998,0.0,False,
nyc_delivery_reliability_weekly,ge,0.5675,1.0,0.9998,0.0,False,
nyc_delivery_reliability_weekly,ge,0.56975,1.0,0.99976,0.0,False,
nyc_delivery_reliability_weekly,ge,0.572,1.0,0.99964,0.0,False,
nyc_delivery_reliability_weekly,ge,0.57425,1.0,0.99952,0.0,False,
nyc_delivery_reliability_weekly,ge,0.5765,1.0,0.99944,0.0,False,
nyc_delivery_reliability_weekly,ge,0.57875,1.0,0.99944,0.0,False,
nyc_delivery_reliability_weekly,ge,0.581,1.0,0.9994,0.0,False,
nyc_delivery_reliability_weekly,ge,0.58325,1.0,0.99936,0.0,False,
nyc_delivery_reliability_weekly,ge,0.5855,1.0,0.99936,0.0,False,
nyc_delivery_reliability_weekly,ge,0.58775,1.0,0.99912,0.0,False,
nyc_delivery_reliability_weekly,ge,0.59,1.0,0.99912,0.0,False,
nyc_delivery_reliability_weekly,ge,0.5922499999999999,1.0,0.99892,0.0,False,
nyc_delivery_reliability_weekly,ge,0.5945,1.0,0.99876,0.0,False,
nyc_delivery_reliability_weekly,ge,0.59675,1.0,0.99872,0.0,False,
nyc_delivery_reliability_weekly,ge,0.599,1.0,0.99872,0.0,False,
nyc_delivery_reliability_weekly,ge,0.60125,1.0,0.9984,0.0,False,
nyc_delivery_reliability_weekly,ge,0.6035,1.0,0.99816,0.0,False,
nyc_delivery_reliability_weekly,ge,0.60575,1.0,0.9978,0.0,False,
nyc_delivery_reliability_weekly,ge,0.608,1.0,0.99764,0.0,False,
nyc_delivery_reliability_weekly,ge,0.61025,1.0,0.9972,0.0,False,
nyc_delivery_reliability_weekly,ge,0.6125,1.0,0.99712,0.0,False,
nyc_delivery_reliability_weekly,ge,0.61475,1.0,0.99692,0.0,False,
nyc_delivery_reliability_weekly,ge,0.617,1.0,0.99664,0.0,False,
nyc_delivery_reliability_weekly,ge,0.61925,1.0,0.99624,0.0,False,
nyc_delivery_reliability_weekly,ge,0.6214999999999999,1.0,0.99568,0.0,False,
nyc_delivery_reliability_weekly,ge,0.62375,1.0,0.9954,0.0,False,
nyc_delivery_reliability_weekly,ge,0.626,1.0,0.99476,0.0,False,
nyc_delivery_reliability_weekly,ge,0.62825,1.0,0.99384,0.0,False,
nyc_delivery_reliability_weekly,ge,0.6305,1.0,0.99288,0.0,False,
nyc_delivery_reliability_weekly,ge,0.6327499999999999,1.0,0.99228,0.0,False,
nyc_delivery_reliability_weekly,ge,0.635,1.0,0.99136,0.0,False,
nyc_delivery_reliability_weekly,ge,0.63725,1.0,0.9906,0.0,False,
nyc_delivery_reliability_weekly,ge,0.6395,1.0,0.9898,0.0,False,
nyc_delivery_reliability_weekly,ge,0.64175,1.0,0.98872,0.0,False,
nyc_delivery_reliability_weekly,ge,0.644,1.0,0.98792,0.0,False,
nyc_delivery_reliability_weekly,ge,0.64625,1.0,0.98684,0.0,False,
nyc_delivery_reliability_weekly,ge,0.6485,1.0,0.98536,0.0,False,
nyc_delivery_reliability_weekly,ge,0.6507499999999999,1.0,0.98408,0.0,False,
nyc_delivery_reliability_weekly,ge,0.653,1.0,0.98288,0.0,False,
nyc_delivery_reliability_weekly,ge,0.65525,1.0,0.98132,0.0,False,
nyc_delivery_reliability_weekly,ge,0.6575,1.0,0.97964,0.0,False,
nyc_delivery_reliability_weekly,ge,0.65975,1.0,0.97748,0.0,False,
nyc_delivery_reliability_weekly,ge,0.6619999999999999,1.0,0.97604,0.0,False,
nyc_delivery_reliability_weekly,ge,0.66425,1.0,0.9742,0.0,False,
nyc_delivery_reliability_weekly,ge,0.6665,0.999,0.97212,0.001,False,
nyc_delivery_reliability_weekly,ge,0.66875,0.999,0.97004,0.001,False,
nyc_delivery_reliability_weekly,ge,0.671,0.997,0.96672,0.003,False,
nyc_delivery_reliability_weekly,ge,0.67325,0.996,0.96428,0.004,False,
nyc_delivery_reliability_weekly,ge,0.6755,0.995,0.96176,0.005,False,
nyc_delivery_reliability_weekly,ge,0.67775,0.995,0.95848,0.005,False,
nyc_delivery_reliability_weekly,ge,0.6799999999999999,0.991,0.95604,0.009,False,
nyc_delivery_reliability_weekly,ge,0.68225,0.988,0.95288,0.012,False,
nyc_delivery_reliability_weekly,ge,0.6845,0.981,0.94944,0.019,False,
nyc_delivery_reliability_weekly,ge,0.68675,0.979,0.94664,0.021,False,
nyc_delivery_reliability_weekly,ge,0.689,0.97,0.94308,0.03,False,
nyc_delivery_reliability_weekly,ge,0.6912499999999999,0.968,0.93896,0.032,False,
nyc_delivery_reliability_weekly,ge,0.6935,0.966,0.93484,0.034,False,
nyc_delivery_reliability_weekly,ge,0.69575,0.957,0.93064,0.043,False,
nyc_delivery_reliability_weekly,ge,0.698,0.947,0.92668,0.053,False,
nyc_delivery_reliability_weekly,ge,0.70025,0.943,0.922,0.057,False,
nyc_delivery_reliability_weekly,ge,0.7025,0.935,0.91704,0.065,False,
nyc_delivery_reliability_weekly,ge,0.70475,0.925,0.91172,0.075,False,
nyc_delivery_reliability_weekly,ge,0.707,0.923,0.90704,0.077,False,
nyc_delivery_reliability_weekly,ge,0.7092499999999999,0.913,0.90236,0.087,False,
nyc_delivery_reliability_weekly,ge,0.7115,0.909,0.89684,0.091,False,
nyc_delivery_reliability_weekly,ge,0.71375,0.903,0.89072,0.097,False,
nyc_delivery_reliability_weekly,ge,0.716,0.902,0.88444,0.098,False,
nyc_delivery_reliability_weekly,ge,0.7163763066202092,0.9,0.88356,0.1,False,sow_p10
nyc_delivery_reliability_weekly,ge,0.7182499999999999,0.895,0.87884,0.105,False,
nyc_delivery_reliability_weekly,ge,0.7204999999999999,0.886,0.87272,0.114,False,
nyc_delivery_reliability_weekly,ge,0.72275,0.88,0.86756,0.12,False,
nyc_delivery_reliability_weekly,ge,0.725,0.871,0.8612,0.129,False,
nyc_delivery_reliability_weekly,ge,0.72725,0.865,0.85352,0.135,False,
nyc_delivery_reliability_weekly,ge,0.7295,0.856,0.84512,0.144,False,
nyc_delivery_reliability_weekly,ge,0.73175,0.847,0.83876,0.153,False,
nyc_delivery_reliability_weekly,ge,0.734,0.843,0.83304,0.157,False,
nyc_delivery_reliability_weekly,ge,0.73625,0.834,0.82628,0.166,False,
nyc_delivery_reliability_weekly,ge,0.7384999999999999,0.825,0.81916,0.175,False,
nyc_delivery_reliability_weekly,ge,0.74075,0.816,0.81272,0.184,False,
nyc_delivery_reliability_weekly,ge,0.743,0.806,0.8046,0.194,False,
nyc_delivery_reliability_weekly,ge,0.74525,0.798,0.79832,0.202,False,
nyc_delivery_reliability_weekly,ge,0.7474999999999999,0.787,0.79072,0.213,False,
nyc_delivery_reliability_weekly,ge,0.7497499999999999,0.784,0.78272,0.216,False,
nyc_delivery_reliability_weekly,ge,0.752,0.775,0.77308,0.225,False,
nyc_delivery_reliability_weekly,ge,0.75425,0.767,0.765,0.233,False,
nyc_delivery_reliability_weekly,ge,0.7565,0.76,0.75656,0.24,False,
nyc_delivery_reliability_weekly,ge,0.75875,0.75,0.75124,0.25,False,
nyc_delivery_reliability_weekly,ge,0.7609999999999999,0.745,0.74192,0.255,False,
nyc_delivery_reliability_weekly,ge,0.76325,0.732,0.73396,0.268,False,
nyc_delivery_reliability_weekly,ge,0.7655,0.721,0.72536,0.279,False,
nyc_delivery_reliability_weekly,ge,0.7677499999999999,0.712,0.71636,0.288,False,
nyc_delivery_reliability_weekly,ge,0.77,0.705,0.70804,0.295,False,
nyc_delivery_reliability_weekly,ge,0.77225,0.696,0.69864,0.304,False,
nyc_delivery_reliability_weekly,ge,0.7745,0.688,0.68744,0.312,False,
nyc_delivery_reliability_weekly,ge,0.77675,0.676,0.67784,0.324,False,
nyc_delivery_reliability_weekly,ge,0.7789999999999999,0.664,0.66752,0.336,False,
nyc_delivery_reliability_weekly,ge,0.78125,0.654,0.65968,0.346,False,
nyc_delivery_reliability_weekly,ge,0.7835,0.64,0.64896,0.36,False,
nyc_delivery_reliability_weekly,ge,0.78575,0.629,0.63932,0.371,False,
nyc_delivery_reliability_weekly,ge,0.788,0.62,0.62868,0.38,False,
nyc_delivery_reliability_weekly,ge,0.7902499999999999,0.607,0.617,0.393,False,
nyc_delivery_reliability_weekly,ge,0.7925,0.598,0.6068,0.402,False,
nyc_delivery_reliability_weekly,ge,0.79475,0.586,0.59744,0.414,False,
nyc_delivery_reliability_weekly,ge,0.7969999999999999,0.577,0.5876,0.423,False,
nyc_delivery_reliability_weekly,ge,0.79925,0.567,0.57704,0.433,False,
nyc_delivery_reliability_weekly,ge,0.8015,0.556,0.56584,0.444,False,
nyc_delivery_reliability_weekly,ge,0.80375,0.543,0.55496,0.457,False,
nyc_delivery_reliability_weekly,ge,0.806,0.533,0.5444,0.467,False,
nyc_delivery_reliability_weekly,ge,0.8082499999999999,0.529,0.53276,0.471,False,
nyc_delivery_reliability_weekly,ge,0.8105,0.521,0.52084,0.479,False,
nyc_delivery_reliability_weekly,ge,0.81275,0.507,0.5094,0.493,False,
nyc_delivery_reliability_weekly,ge,0.8136275648470771,0.5,0.50644,0.5,False,sow_p50
nyc_delivery_reliability_weekly,ge,0.815,0.496,0.49956,0.504,False,
nyc_delivery_reliability_weekly,ge,0.81725,0.489,0.4892,0.511,False,
nyc_delivery_reliability_weekly,ge,0.8194999999999999,0.483,0.47688,0.517,False,
nyc_delivery_reliability_weekly,ge,0.82175,0.467,0.46372,0.533,False,
nyc_delivery_reliability_weekly,ge,0.824,0.457,0.45244,0.543,False,
nyc_delivery_reliability_weekly,ge,0.8262499999999999,0.446,0.441,0.554,False,
nyc_delivery_reliability_weekly,ge,0.8285,0.427,0.42756,0.573,False,
nyc_delivery_reliability_weekly,ge,0.83075,0.416,0.41712,0.584,False,
nyc_delivery_reliability_weekly,ge,0.833,0.404,0.40332,0.596,False,
nyc_delivery_reliability_weekly,ge,0.83525,0.394,0.39032,0.606,False,
nyc_delivery_reliability_weekly,ge,0.8374999999999999,0.38,0.37764,0.62,False,
nyc_delivery_reliability_weekly,ge,0.83975,0.362,0.3646,0.638,False,
nyc_delivery_reliability_weekly,ge,0.842,0.348,0.35336,0.652,False,
nyc_delivery_reliability_weekly,ge,0.84425,0.335,0.33964,0.665,False,
nyc_delivery_reliability_weekly,ge,0.8465,0.32,0.32656,0.68,False,
nyc_delivery_reliability_weekly,ge,0.8487499999999999,0.305,0.31384,0.695,False,
nyc_delivery_reliability_weekly,ge,0.851,0.29,0.30072,0.71,False,
nyc_delivery_reliability_weekly,ge,0.85325,0.276,0.289,0.724,False,
nyc_delivery_reliability_weekly,ge,0.8554999999999999,0.259,0.27696,0.741,False,
nyc_delivery_reliability_weekly,ge,0.85775,0.254,0.26448,0.746,False,
nyc_delivery_reliability_weekly,ge,0.86,0.239,0.25188,0.761,False,
nyc_delivery_reliability_weekly,ge,0.86225,0.224,0.23936,0.776,False,
nyc_delivery_reliability_weekly,ge,0.8645,0.21,0.22644,0.79,False,
nyc_delivery_reliability_weekly,ge,0.8667499999999999,0.191,0.2162,0.809,False,
nyc_delivery_reliability_weekly,ge,0.869,0.172,0.203,0.828,False,
nyc_delivery_reliability_weekly,ge,0.8692384769539078,0.169,0.20036,0.831,False,historic_anchor
nyc_delivery_reliability_weekly,ge,0.87125,0.151,0.18976,0.849,False,
nyc_delivery_reliability_weekly,ge,0.8734999999999999,0.146,0.17728,0.854,False,
nyc_delivery_reliability_weekly,ge,0.87575,0.131,0.16588,0.869,False,
nyc_delivery_reliability_weekly,ge,0.8779999999999999,0.119,0.15596,0.881,False,
nyc_delivery_reliability_weekly,ge,0.88025,0.105,0.1446,0.895,False,
nyc_delivery_reliability_weekly,ge,0.8820642663569493,0.1,0.13504,0.9,False,sow_p90
nyc_delivery_reliability_weekly,ge,0.8825,0.099,0.13332,0.901,False,
nyc_delivery_reliability_weekly,ge,0.8847499999999999,0.093,0.12292,0.907,False,
nyc_delivery_reliability_weekly,ge,0.887,0.087,0.11128,0.913,False,
nyc_delivery_reliability_weekly,ge,0.88925,0.082,0.10352,0.918,False,
nyc_delivery_reliability_weekly,ge,0.8915,0.067,0.0948,0.933,False,
nyc_delivery_reliability_weekly,ge,0.89375,0.061,0.08556,0.939,False,
nyc_delivery_reliability_weekly,ge,0.8959999999999999,0.051,0.07696,0.949,False,
nyc_delivery_reliability_weekly,ge,0.89825,0.044,0.06956,0.956,False,
nyc_delivery_reliability_weekly,ge,0.9005,0.036,0.06336,0.964,False,
nyc_delivery_reliability_weekly,ge,0.9027499999999999,0.024,0.05632,0.976,False,
nyc_delivery_reliability_weekly,ge,0.905,0.019,0.04948,0.981,False,
nyc_delivery_reliability_weekly,ge,0.9072499999999999,0.017,0.04328,0.983,False,
nyc_delivery_reliability_weekly,ge,0.9095,0.015,0.03796,0.985,False,
nyc_delivery_reliability_weekly,ge,0.91175,0.011,0.03268,0.989,False,
nyc_delivery_reliability_weekly,ge,0.9139999999999999,0.01,0.02856,0.99,False,
nyc_delivery_reliability_weekly,ge,0.91625,0.009,0.02464,0.991,False,
nyc_delivery_reliability_weekly,ge,0.9185,0.004,0.02084,0.996,False,
nyc_delivery_reliability_weekly,ge,0.92075,0.002,0.0172,0.998,False,
nyc_delivery_reliability_weekly,ge,0.923,0.0,0.01448,1.0,False,
nyc_delivery_reliability_weekly,ge,0.9252499999999999,0.0,0.01256,1.0,False,
nyc_delivery_reliability_weekly,ge,0.9275,0.0,0.01012,1.0,False,
nyc_delivery_reliability_weekly,ge,0.92975,0.0,0.00824,1.0,False,
nyc_delivery_reliability_weekly,ge,0.9319999999999999,0.0,0.00668,1.0,False,
nyc_delivery_reliability_weekly,ge,0.93425,0.0,0.005,1.0,False,
nyc_delivery_reliability_weekly,ge,0.9364999999999999,0.0,0.00436,1.0,False,
nyc_delivery_reliability_weekly,ge,0.93875,0.0,0.00328,1.0,False,
nyc_delivery_reliability_weekly,ge,0.941,0.0,0.0022,1.0,False,
nyc_delivery_reliability_weekly,ge,0.9432499999999999,0.0,0.00164,1.0,False,
nyc_delivery_reliability_weekly,ge,0.9455,0.0,0.0014,1.0,False,
nyc_delivery_reliability_weekly,ge,0.94775,0.0,0.00072,1.0,False,
nyc_delivery_reliability_weekly,ge,0.95,0.0,0.00052,1.0,True,current
nyc_delivery_deficit_cvar90_pct,le,10.0,0.0,0.001,1.0,True,current
nyc_delivery_deficit_cvar90_pct,le,10.128437773086809,0.0,0.00104,1.0,False,
nyc_delivery_deficit_cvar90_pct,le,10.256875546173617,0.0,0.00112,1.0,False,
nyc_delivery_deficit_cvar90_pct,le,10.385313319260424,0.0,0.00116,1.0,False,
nyc_delivery_deficit_cvar90_pct,le,10.513751092347233,0.0,0.00116,1.0,False,
nyc_delivery_deficit_cvar90_pct,le,10.642188865434042,0.0,0.00124,1.0,False,
nyc_delivery_deficit_cvar90_pct,le,10.77062663852085,0.0,0.00132,1.0,False,
nyc_delivery_deficit_cvar90_pct,le,10.89906441160766,0.0,0.00152,1.0,False,
nyc_delivery_deficit_cvar90_pct,le,11.027502184694466,0.0,0.00172,1.0,False,
nyc_delivery_deficit_cvar90_pct,le,11.155939957781275,0.0,0.00192,1.0,False,
nyc_delivery_deficit_cvar90_pct,le,11.284377730868083,0.0,0.00196,1.0,False,
nyc_delivery_deficit_cvar90_pct,le,11.412815503954892,0.0,0.00208,1.0,False,
nyc_delivery_deficit_cvar90_pct,le,11.541253277041701,0.0,0.00232,1.0,False,
nyc_delivery_deficit_cvar90_pct,le,11.669691050128508,0.0,0.00236,1.0,False,
nyc_delivery_deficit_cvar90_pct,le,11.798128823215317,0.0,0.00256,1.0,False,
nyc_delivery_deficit_cvar90_pct,le,11.926566596302125,0.0,0.00276,1.0,False,
nyc_delivery_deficit_cvar90_pct,le,12.055004369388934,0.0,0.00288,1.0,False,
nyc_delivery_deficit_cvar90_pct,le,12.18344214247574,0.0,0.0032,1.0,False,
nyc_delivery_deficit_cvar90_pct,le,12.31187991556255,0.0,0.00332,1.0,False,
nyc_delivery_deficit_cvar90_pct,le,12.440317688649358,0.0,0.0036,1.0,False,
nyc_delivery_deficit_cvar90_pct,le,12.568755461736167,0.0,0.00372,1.0,False,
nyc_delivery_deficit_cvar90_pct,le,12.697193234822976,0.0,0.00388,1.0,False,
nyc_delivery_deficit_cvar90_pct,le,12.825631007909784,0.0,0.00428,1.0,False,
nyc_delivery_deficit_cvar90_pct,le,12.954068780996591,0.0,0.00456,1.0,False,
nyc_delivery_deficit_cvar90_pct,le,13.0825065540834,0.0,0.00484,1.0,False,
nyc_delivery_deficit_cvar90_pct,le,13.210944327170209,0.0,0.00524,1.0,False,
nyc_delivery_deficit_cvar90_pct,le,13.339382100257017,0.0,0.0056,1.0,False,
nyc_delivery_deficit_cvar90_pct,le,13.467819873343824,0.0,0.00588,1.0,False,
nyc_delivery_deficit_cvar90_pct,le,13.596257646430633,0.0,0.00624,1.0,False,
nyc_delivery_deficit_cvar90_pct,le,13.724695419517442,0.0,0.00656,1.0,False,
nyc_delivery_deficit_cvar90_pct,le,13.85313319260425,0.0,0.00708,1.0,False,
nyc_delivery_deficit_cvar90_pct,le,13.98157096569106,0.0,0.0074,1.0,False,
nyc_delivery_deficit_cvar90_pct,le,14.110008738777868,0.0,0.00772,1.0,False,
nyc_delivery_deficit_cvar90_pct,le,14.238446511864677,0.0,0.0082,1.0,False,
nyc_delivery_deficit_cvar90_pct,le,14.366884284951484,0.0,0.00876,1.0,False,
nyc_delivery_deficit_cvar90_pct,le,14.495322058038292,0.0,0.00896,1.0,False,
nyc_delivery_deficit_cvar90_pct,le,14.6237598311251,0.0,0.00928,1.0,False,
nyc_delivery_deficit_cvar90_pct,le,14.752197604211908,0.0,0.0098,1.0,False,
nyc_delivery_deficit_cvar90_pct,le,14.880635377298717,0.0,0.0102,1.0,False,
nyc_delivery_deficit_cvar90_pct,le,15.009073150385525,0.0,0.01076,1.0,False,
nyc_delivery_deficit_cvar90_pct,le,15.137510923472334,0.0,0.01116,1.0,False,
nyc_delivery_deficit_cvar90_pct,le,15.265948696559143,0.0,0.0118,1.0,False,
nyc_delivery_deficit_cvar90_pct,le,15.394386469645951,0.0,0.01224,1.0,False,
nyc_delivery_deficit_cvar90_pct,le,15.52282424273276,0.0,0.01256,1.0,False,
nyc_delivery_deficit_cvar90_pct,le,15.651262015819567,0.0,0.013,1.0,False,
nyc_delivery_deficit_cvar90_pct,le,15.779699788906376,0.0,0.0138,1.0,False,
nyc_delivery_deficit_cvar90_pct,le,15.908137561993183,0.0,0.0144,1.0,False,
nyc_delivery_deficit_cvar90_pct,le,16.03657533507999,0.0,0.01524,1.0,False,
nyc_delivery_deficit_cvar90_pct,le,16.1650131081668,0.0,0.01584,1.0,False,
nyc_delivery_deficit_cvar90_pct,le,16.29345088125361,0.001,0.01672,0.999,False,
nyc_delivery_deficit_cvar90_pct,le,16.421888654340417,0.002,0.0174,0.998,False,
nyc_delivery_deficit_cvar90_pct,le,16.550326427427226,0.003,0.01816,0.997,False,
nyc_delivery_deficit_cvar90_pct,le,16.678764200514035,0.003,0.01908,0.997,False,
nyc_delivery_deficit_cvar90_pct,le,16.80720197360084,0.003,0.01972,0.997,False,
nyc_delivery_deficit_cvar90_pct,le,16.93563974668765,0.004,0.02024,0.996,False,
nyc_delivery_deficit_cvar90_pct,le,17.064077519774457,0.004,0.02104,0.996,False,
nyc_delivery_deficit_cvar90_pct,le,17.192515292861266,0.004,0.02184,0.996,False,
nyc_delivery_deficit_cvar90_pct,le,17.320953065948075,0.006,0.02252,0.994,False,
nyc_delivery_deficit_cvar90_pct,le,17.449390839034884,0.007,0.02336,0.993,False,
nyc_delivery_deficit_cvar90_pct,le,17.577828612121692,0.009,0.0244,0.991,False,
nyc_delivery_deficit_cvar90_pct,le,17.7062663852085,0.01,0.02508,0.99,False,
nyc_delivery_deficit_cvar90_pct,le,17.83470415829531,0.01,0.02572,0.99,False,
nyc_delivery_deficit_cvar90_pct,le,17.96314193138212,0.01,0.02672,0.99,False,
nyc_delivery_deficit_cvar90_pct,le,18.091579704468927,0.01,0.02756,0.99,False,
nyc_delivery_deficit_cvar90_pct,le,18.220017477555736,0.01,0.0286,0.99,False,
nyc_delivery_deficit_cvar90_pct,le,18.348455250642544,0.01,0.02956,0.99,False,
nyc_delivery_deficit_cvar90_pct,le,18.476893023729353,0.01,0.03048,0.99,False,
nyc_delivery_deficit_cvar90_pct,le,18.60533079681616,0.011,0.03144,0.989,False,
nyc_delivery_deficit_cvar90_pct,le,18.733768569902967,0.012,0.0324,0.988,False,
nyc_delivery_deficit_cvar90_pct,le,18.862206342989776,0.012,0.0338,0.988,False,
nyc_delivery_deficit_cvar90_pct,le,18.990644116076584,0.014,0.03476,0.986,False,
nyc_delivery_deficit_cvar90_pct,le,19.119081889163393,0.014,0.03604,0.986,False,
nyc_delivery_deficit_cvar90_pct,le,19.2475196622502,0.015,0.03728,0.985,False,
nyc_delivery_deficit_cvar90_pct,le,19.375957435337007,0.016,0.03872,0.984,False,
nyc_delivery_deficit_cvar90_pct,le,19.504395208423816,0.016,0.04008,0.984,False,
nyc_delivery_deficit_cvar90_pct,le,19.632832981510624,0.017,0.04112,0.983,False,
nyc_delivery_deficit_cvar90_pct,le,19.761270754597433,0.017,0.0426,0.983,False,
nyc_delivery_deficit_cvar90_pct,le,19.889708527684242,0.017,0.04384,0.983,False,
nyc_delivery_deficit_cvar90_pct,le,20.01814630077105,0.019,0.04528,0.981,False,
nyc_delivery_deficit_cvar90_pct,le,20.14658407385786,0.021,0.04656,0.979,False,
nyc_delivery_deficit_cvar90_pct,le,20.275021846944668,0.025,0.04824,0.975,False,
nyc_delivery_deficit_cvar90_pct,le,20.403459620031477,0.027,0.04956,0.973,False,
nyc_delivery_deficit_cvar90_pct,le,20.531897393118285,0.031,0.05108,0.969,False,
nyc_delivery_deficit_cvar90_pct,le,20.660335166205094,0.033,0.05212,0.967,False,
nyc_delivery_deficit_cvar90_pct,le,20.788772939291903,0.033,0.05368,0.967,False,
nyc_delivery_deficit_cvar90_pct,le,20.91721071237871,0.034,0.05504,0.966,False,
nyc_delivery_deficit_cvar90_pct,le,21.04564848546552,0.036,0.05652,0.964,False,
nyc_delivery_deficit_cvar90_pct,le,21.174086258552325,0.04,0.05828,0.96,False,
nyc_delivery_deficit_cvar90_pct,le,21.302524031639134,0.041,0.06012,0.959,False,
nyc_delivery_deficit_cvar90_pct,le,21.430961804725943,0.044,0.06164,0.956,False,
nyc_delivery_deficit_cvar90_pct,le,21.55939957781275,0.049,0.06348,0.951,False,
nyc_delivery_deficit_cvar90_pct,le,21.68783735089956,0.051,0.06544,0.949,False,
nyc_delivery_deficit_cvar90_pct,le,21.816275123986365,0.052,0.06796,0.948,False,
nyc_delivery_deficit_cvar90_pct,le,21.944712897073174,0.053,0.07004,0.947,False,
nyc_delivery_deficit_cvar90_pct,le,22.073150670159983,0.054,0.07188,0.946,False,
nyc_delivery_deficit_cvar90_pct,le,22.20158844324679,0.056,0.07404,0.944,False,
nyc_delivery_deficit_cvar90_pct,le,22.3300262163336,0.06,0.07612,0.94,False,
nyc_delivery_deficit_cvar90_pct,le,22.45846398942041,0.06,0.07776,0.94,False,
nyc_delivery_deficit_cvar90_pct,le,22.586901762507217,0.064,0.07984,0.936,False,
nyc_delivery_deficit_cvar90_pct,le,22.715339535594026,0.069,0.08204,0.931,False,
nyc_delivery_deficit_cvar90_pct,le,22.843777308680835,0.071,0.08452,0.929,False,
nyc_delivery_deficit_cvar90_pct,le,22.972215081767644,0.073,0.08656,0.927,False,
nyc_delivery_deficit_cvar90_pct,le,23.100652854854452,0.08,0.08952,0.92,False,
nyc_delivery_deficit_cvar90_pct,le,23.22909062794126,0.085,0.09268,0.915,False,
nyc_delivery_deficit_cvar90_pct,le,23.35752840102807,0.088,0.09584,0.912,False,
nyc_delivery_deficit_cvar90_pct,le,23.48596617411488,0.089,0.099,0.911,False,
nyc_delivery_deficit_cvar90_pct,le,23.614403947201684,0.089,0.1022,0.911,False,
nyc_delivery_deficit_cvar90_pct,le,23.742841720288492,0.091,0.10504,0.909,False,
nyc_delivery_deficit_cvar90_pct,le,23.8712794933753,0.092,0.10848,0.908,False,
nyc_delivery_deficit_cvar90_pct,le,23.99971726646211,0.096,0.11192,0.904,False,
nyc_delivery_deficit_cvar90_pct,le,24.12815503954892,0.097,0.11596,0.903,False,
nyc_delivery_deficit_cvar90_pct,le,24.256592812635724,0.099,0.11988,0.901,False,
nyc_delivery_deficit_cvar90_pct,le,24.347002420925794,0.1,0.12252,0.9,False,sow_p10
nyc_delivery_deficit_cvar90_pct,le,24.385030585722532,0.101,0.12368,0.899,False,
nyc_delivery_deficit_cvar90_pct,le,24.51346835880934,0.105,0.12748,0.895,False,
nyc_delivery_deficit_cvar90_pct,le,24.64190613189615,0.109,0.13148,0.891,False,
nyc_delivery_deficit_cvar90_pct,le,24.77034390498296,0.115,0.1352,0.885,False,
nyc_delivery_deficit_cvar90_pct,le,24.898781678069767,0.116,0.13944,0.884,False,
nyc_delivery_deficit_cvar90_pct,le,25.027219451156576,0.123,0.1444,0.877,False,
nyc_delivery_deficit_cvar90_pct,le,25.155657224243384,0.129,0.14968,0.871,False,
nyc_delivery_deficit_cvar90_pct,le,25.284094997330193,0.13,0.15388,0.87,False,
nyc_delivery_deficit_cvar90_pct,le,25.412532770417002,0.136,0.15816,0.864,False,
nyc_delivery_deficit_cvar90_pct,le,25.54097054350381,0.14,0.16228,0.86,False,
nyc_delivery_deficit_cvar90_pct,le,25.66940831659062,0.144,0.16748,0.856,False,
nyc_delivery_deficit_cvar90_pct,le,25.797846089677428,0.148,0.17192,0.852,False,
nyc_delivery_deficit_cvar90_pct,le,25.926283862764237,0.154,0.17704,0.846,False,
nyc_delivery_deficit_cvar90_pct,le,26.054721635851042,0.157,0.18232,0.843,False,
nyc_delivery_deficit_cvar90_pct,le,26.18315940893785,0.158,0.18764,0.842,False,
nyc_delivery_deficit_cvar90_pct,le,26.31159718202466,0.17,0.19304,0.83,False,
nyc_delivery_deficit_cvar90_pct,le,26.440034955111468,0.178,0.19864,0.822,False,
nyc_delivery_deficit_cvar90_pct,le,26.568472728198277,0.183,0.2044,0.817,False,
nyc_delivery_deficit_cvar90_pct,le,26.696910501285085,0.191,0.20992,0.809,False,
nyc_delivery_deficit_cvar90_pct,le,26.825348274371894,0.211,0.21528,0.789,False,
nyc_delivery_deficit_cvar90_pct,le,26.953786047458703,0.216,0.21992,0.784,False,
nyc_delivery_deficit_cvar90_pct,le,27.082223820545508,0.223,0.22544,0.777,False,
nyc_delivery_deficit_cvar90_pct,le,27.210661593632317,0.23,0.23008,0.77,False,
nyc_delivery_deficit_cvar90_pct,le,27.339099366719125,0.233,0.23536,0.767,False,
nyc_delivery_deficit_cvar90_pct,le,27.467537139805934,0.239,0.24112,0.761,False,
nyc_delivery_deficit_cvar90_pct,le,27.595974912892743,0.245,0.247,0.755,False,
nyc_delivery_deficit_cvar90_pct,le,27.72441268597955,0.249,0.25204,0.751,False,
nyc_delivery_deficit_cvar90_pct,le,27.85285045906636,0.251,0.2578,0.749,False,
nyc_delivery_deficit_cvar90_pct,le,27.98128823215317,0.257,0.26324,0.743,False,
nyc_delivery_deficit_cvar90_pct,le,28.109726005239978,0.265,0.26872,0.735,False,
nyc_delivery_deficit_cvar90_pct,le,28.238163778326786,0.274,0.27448,0.726,False,
nyc_delivery_deficit_cvar90_pct,le,28.36660155141359,0.279,0.27984,0.721,False,
nyc_delivery_deficit_cvar90_pct,le,28.4950393245004,0.287,0.28496,0.713,False,
nyc_delivery_deficit_cvar90_pct,le,28.62347709758721,0.302,0.29108,0.698,False,
nyc_delivery_deficit_cvar90_pct,le,28.751914870674018,0.308,0.29648,0.692,False,
nyc_delivery_deficit_cvar90_pct,le,28.880352643760826,0.316,0.30228,0.684,False,
nyc_delivery_deficit_cvar90_pct,le,29.008790416847635,0.325,0.3078,0.675,False,
nyc_delivery_deficit_cvar90_pct,le,29.137228189934444,0.335,0.31388,0.665,False,
nyc_delivery_deficit_cvar90_pct,le,29.165534856004104,0.335,0.31516,0.665,False,historic_anchor
nyc_delivery_deficit_cvar90_pct,le,29.265665963021252,0.338,0.31972,0.662,False,
nyc_delivery_deficit_cvar90_pct,le,29.39410373610806,0.347,0.32608,0.653,False,
nyc_delivery_deficit_cvar90_pct,le,29.52254150919487,0.356,0.33116,0.644,False,
nyc_delivery_deficit_cvar90_pct,le,29.650979282281675,0.36,0.33652,0.64,False,
nyc_delivery_deficit_cvar90_pct,le,29.779417055368484,0.366,0.34284,0.634,False,
nyc_delivery_deficit_cvar90_pct,le,29.907854828455292,0.375,0.3482,0.625,False,
nyc_delivery_deficit_cvar90_pct,le,30.0362926015421,0.382,0.35416,0.618,False,
nyc_delivery_deficit_cvar90_pct,le,30.16473037462891,0.393,0.35904,0.607,False,
nyc_delivery_deficit_cvar90_pct,le,30.29316814771572,0.4,0.36496,0.6,False,
nyc_delivery_deficit_cvar90_pct,le,30.421605920802527,0.412,0.3708,0.588,False,
nyc_delivery_deficit_cvar90_pct,le,30.550043693889336,0.421,0.37704,0.579,False,
nyc_delivery_deficit_cvar90_pct,le,30.678481466976145,0.428,0.38264,0.572,False,
nyc_delivery_deficit_cvar90_pct,le,30.806919240062953,0.437,0.38884,0.563,False,
nyc_delivery_deficit_cvar90_pct,le,30.93535701314976,0.441,0.39548,0.559,False,
nyc_delivery_deficit_cvar90_pct,le,31.063794786236567,0.45,0.4008,0.55,False,
nyc_delivery_deficit_cvar90_pct,le,31.192232559323376,0.461,0.4086,0.539,False,
nyc_delivery_deficit_cvar90_pct,le,31.320670332410184,0.47,0.41496,0.53,False,
nyc_delivery_deficit_cvar90_pct,le,31.449108105496993,0.48,0.4232,0.52,False,
nyc_delivery_deficit_cvar90_pct,le,31.577545878583802,0.494,0.43188,0.506,False,
nyc_delivery_deficit_cvar90_pct,le,31.64102808255592,0.5,0.4372,0.5,False,sow_p50
nyc_delivery_deficit_cvar90_pct,le,31.70598365167061,0.507,0.44204,0.493,False,
nyc_delivery_deficit_cvar90_pct,le,31.83442142475742,0.516,0.45356,0.484,False,
nyc_delivery_deficit_cvar90_pct,le,31.962859197844228,0.521,0.467,0.479,False,
nyc_delivery_deficit_cvar90_pct,le,32.09129697093104,0.532,0.48232,0.468,False,
nyc_delivery_deficit_cvar90_pct,le,32.21973474401784,0.543,0.49968,0.457,False,
nyc_delivery_deficit_cvar90_pct,le,32.34817251710465,0.556,0.51892,0.444,False,
nyc_delivery_deficit_cvar90_pct,le,32.47661029019146,0.567,0.5396,0.433,False,
nyc_delivery_deficit_cvar90_pct,le,32.60504806327827,0.584,0.56216,0.416,False,
nyc_delivery_deficit_cvar90_pct,le,32.73348583636508,0.6,0.58324,0.4,False,
nyc_delivery_deficit_cvar90_pct,le,32.861923609451885,0.615,0.60228,0.385,False,
nyc_delivery_deficit_cvar90_pct,le,32.990361382538694,0.629,0.62364,0.371,False,
nyc_delivery_deficit_cvar90_pct,le,33.1187991556255,0.654,0.64336,0.346,False,
nyc_delivery_deficit_cvar90_pct,le,33.24723692871231,0.672,0.66244,0.328,False,
nyc_delivery_deficit_cvar90_pct,le,33.37567470179912,0.696,0.68084,0.304,False,
nyc_delivery_deficit_cvar90_pct,le,33.50411247488593,0.708,0.70012,0.292,False,
nyc_delivery_deficit_cvar90_pct,le,33.63255024797273,0.721,0.71768,0.279,False,
nyc_delivery_deficit_cvar90_pct,le,33.760988021059546,0.746,0.73476,0.254,False,
nyc_delivery_deficit_cvar90_pct,le,33.88942579414635,0.762,0.75032,0.238,False,
nyc_delivery_deficit_cvar90_pct,le,34.017863567233164,0.783,0.76432,0.217,False,
nyc_delivery_deficit_cvar90_pct,le,34.146301340319965,0.803,0.77864,0.197,False,
nyc_delivery_deficit_cvar90_pct,le,34.27473911340678,0.815,0.7926,0.185,False,
nyc_delivery_deficit_cvar90_pct,le,34.40317688649358,0.834,0.8052,0.166,False,
nyc_delivery_deficit_cvar90_pct,le,34.5316146595804,0.854,0.81796,0.146,False,
nyc_delivery_deficit_cvar90_pct,le,34.6600524326672,0.872,0.82904,0.128,False,
nyc_delivery_deficit_cvar90_pct,le,34.75833336984363,0.9,0.83944,0.1,False,sow_p90
nyc_delivery_deficit_cvar90_pct,le,34.78849020575401,0.902,0.8424,0.098,False,
nyc_delivery_deficit_cvar90_pct,le,34.91692797884082,0.922,0.85752,0.078,False,
nyc_delivery_deficit_cvar90_pct,le,35.045365751927626,0.945,0.93064,0.055,False,
nyc_delivery_deficit_cvar90_pct,le,35.173803525014435,0.966,0.9414,0.034,False,
nyc_delivery_deficit_cvar90_pct,le,35.302241298101244,0.985,0.94988,0.015,False,
nyc_delivery_deficit_cvar90_pct,le,35.43067907118805,0.993,0.95696,0.007,False,
nyc_delivery_deficit_cvar90_pct,le,35.55911684427486,0.999,0.96416,0.001,False,
nyc_delivery_deficit_cvar90_pct,le,35.68755461736167,1.0,0.96932,0.0,False,
montague_flow_reliability_weekly,ge,0.8107471931862178,1.0,0.97676,0.0,False,
montague_flow_reliability_weekly,ge,0.8114697638404957,0.999,0.97556,0.001,False,
montague_flow_reliability_weekly,ge,0.8121923344947737,0.999,0.9748,0.001,False,
montague_flow_reliability_weekly,ge,0.8129149051490517,0.998,0.9734,0.002,False,
montague_flow_reliability_weekly,ge,0.8136374758033297,0.998,0.97212,0.002,False,
montague_flow_reliability_weekly,ge,0.8143600464576076,0.997,0.97092,0.003,False,
montague_flow_reliability_weekly,ge,0.8150826171118856,0.997,0.96952,0.003,False,
montague_flow_reliability_weekly,ge,0.8158051877661636,0.996,0.96784,0.004,False,
montague_flow_reliability_weekly,ge,0.8165277584204416,0.995,0.96672,0.005,False,
montague_flow_reliability_weekly,ge,0.8172503290747195,0.994,0.966,0.006,False,
montague_flow_reliability_weekly,ge,0.8179728997289974,0.993,0.96456,0.007,False,
montague_flow_reliability_weekly,ge,0.8186954703832755,0.993,0.96304,0.007,False,
montague_flow_reliability_weekly,ge,0.8194180410375534,0.992,0.96108,0.008,False,
montague_flow_reliability_weekly,ge,0.8201406116918314,0.992,0.95956,0.008,False,
montague_flow_reliability_weekly,ge,0.8208631823461093,0.991,0.95732,0.009,False,
montague_flow_reliability_weekly,ge,0.8215857530003874,0.989,0.95548,0.011,False,
montague_flow_reliability_weekly,ge,0.8223083236546653,0.987,0.9534,0.013,False,
montague_flow_reliability_weekly,ge,0.8230308943089433,0.984,0.9524,0.016,False,
montague_flow_reliability_weekly,ge,0.8237534649632212,0.984,0.9504,0.016,False,
montague_flow_reliability_weekly,ge,0.8244760356174993,0.983,0.94772,0.017,False,
montague_flow_reliability_weekly,ge,0.8251986062717772,0.98,0.94516,0.02,False,
montague_flow_reliability_weekly,ge,0.8259211769260552,0.978,0.94296,0.022,False,
montague_flow_reliability_weekly,ge,0.8266437475803331,0.977,0.94064,0.023,False,
montague_flow_reliability_weekly,ge,0.8273663182346112,0.975,0.93788,0.025,False,
montague_flow_reliability_weekly,ge,0.8280888888888891,0.972,0.93632,0.028,False,
montague_flow_reliability_weekly,ge,0.828811459543167,0.967,0.93384,0.033,False,
montague_flow_reliability_weekly,ge,0.829534030197445,0.964,0.93164,0.036,False,
montague_flow_reliability_weekly,ge,0.830256600851723,0.961,0.92924,0.039,False,
montague_flow_reliability_weekly,ge,0.830979171506001,0.96,0.927,0.04,False,
montague_flow_reliability_weekly,ge,0.8317017421602789,0.957,0.9242,0.043,False,
montague_flow_reliability_weekly,ge,0.8324243128145569,0.955,0.92084,0.045,False,
montague_flow_reliability_weekly,ge,0.8331468834688349,0.951,0.91724,0.049,False,
montague_flow_reliability_weekly,ge,0.8338694541231129,0.942,0.91496,0.058,False,
montague_flow_reliability_weekly,ge,0.8345920247773908,0.94,0.91188,0.06,False,
montague_flow_reliability_weekly,ge,0.8353145954316687,0.938,0.90908,0.062,False,
montague_flow_reliability_weekly,ge,0.8360371660859468,0.935,0.90556,0.065,False,
montague_flow_reliability_weekly,ge,0.8367597367402247,0.932,0.9018,0.068,False,
montague_flow_reliability_weekly,ge,0.8374823073945027,0.927,0.89824,0.073,False,
montague_flow_reliability_weekly,ge,0.8382048780487806,0.922,0.89528,0.078,False,
montague_flow_reliability_weekly,ge,0.8389274487030587,0.919,0.89384,0.081,False,
montague_flow_reliability_weekly,ge,0.8396500193573366,0.915,0.89052,0.085,False,
montague_flow_reliability_weekly,ge,0.8403725900116146,0.912,0.8872,0.088,False,
montague_flow_reliability_weekly,ge,0.8410951606658925,0.907,0.88388,0.093,False,
montague_flow_reliability_weekly,ge,0.8418177313201706,0.904,0.88004,0.096,False,
montague_flow_reliability_weekly,ge,0.8424157955865273,0.9,0.8782,0.1,False,sow_p10
montague_flow_reliability_weekly,ge,0.8425403019744485,0.898,0.87592,0.102,False,
montague_flow_reliability_weekly,ge,0.8432628726287265,0.894,0.87284,0.106,False,
montague_flow_reliability_weekly,ge,0.8439854432830044,0.892,0.86812,0.108,False,
montague_flow_reliability_weekly,ge,0.8447080139372825,0.887,0.866,0.113,False,
montague_flow_reliability_weekly,ge,0.8454305845915604,0.883,0.86224,0.117,False,
montague_flow_reliability_weekly,ge,0.8461531552458383,0.882,0.85836,0.118,False,
montague_flow_reliability_weekly,ge,0.8468757259001163,0.874,0.85452,0.126,False,
montague_flow_reliability_weekly,ge,0.8475982965543942,0.869,0.85028,0.131,False,
montague_flow_reliability_weekly,ge,0.8483208672086723,0.865,0.84588,0.135,False,
montague_flow_reliability_weekly,ge,0.8490434378629502,0.861,0.84148,0.139,False,
montague_flow_reliability_weekly,ge,0.8497660085172282,0.857,0.83916,0.143,False,
montague_flow_reliability_weekly,ge,0.85,0.856,0.83704,0.144,True,current
montague_flow_reliability_weekly,ge,0.8504885791715062,0.851,0.83468,0.149,False,
montague_flow_reliability_weekly,ge,0.8512111498257842,0.848,0.83052,0.152,False,
montague_flow_reliability_weekly,ge,0.8519337204800621,0.839,0.8264,0.161,False,
montague_flow_reliability_weekly,ge,0.85265629113434,0.837,0.82124,0.163,False,
montague_flow_reliability_weekly,ge,0.853378861788618,0.833,0.81684,0.167,False,
montague_flow_reliability_weekly,ge,0.854101432442896,0.832,0.81204,0.168,False,
montague_flow_reliability_weekly,ge,0.854824003097174,0.827,0.80764,0.173,False,
montague_flow_reliability_weekly,ge,0.8555465737514519,0.819,0.80512,0.181,False,
montague_flow_reliability_weekly,ge,0.8562691444057299,0.812,0.80056,0.188,False,
montague_flow_reliability_weekly,ge,0.8569917150600079,0.809,0.79544,0.191,False,
montague_flow_reliability_weekly,ge,0.8577142857142859,0.806,0.79036,0.194,False,
montague_flow_reliability_weekly,ge,0.8584368563685638,0.798,0.7844,0.202,False,
montague_flow_reliability_weekly,ge,0.8591594270228418,0.79,0.77948,0.21,False,
montague_flow_reliability_weekly,ge,0.8598819976771198,0.786,0.77408,0.214,False,
montague_flow_reliability_weekly,ge,0.8606045683313978,0.781,0.77124,0.219,False,
montague_flow_reliability_weekly,ge,0.8613271389856757,0.771,0.76656,0.229,False,
montague_flow_reliability_weekly,ge,0.8620497096399536,0.765,0.76104,0.235,False,
montague_flow_reliability_weekly,ge,0.8627722802942317,0.759,0.75672,0.241,False,
montague_flow_reliability_weekly,ge,0.8634948509485096,0.749,0.75064,0.251,False,
montague_flow_reliability_weekly,ge,0.8642174216027876,0.746,0.7446,0.254,False,
montague_flow_reliability_weekly,ge,0.8649399922570655,0.743,0.73928,0.257,False,
montague_flow_reliability_weekly,ge,0.8656625629113436,0.74,0.73404,0.26,False,
montague_flow_reliability_weekly,ge,0.8663851335656215,0.735,0.73072,0.265,False,
montague_flow_reliability_weekly,ge,0.8671077042198995,0.728,0.72524,0.272,False,
montague_flow_reliability_weekly,ge,0.8678302748741774,0.723,0.71864,0.277,False,
montague_flow_reliability_weekly,ge,0.8685528455284555,0.712,0.71296,0.288,False,
montague_flow_reliability_weekly,ge,0.8692754161827334,0.71,0.70748,0.29,False,
montague_flow_reliability_weekly,ge,0.8699979868370114,0.704,0.70152,0.296,False,
montague_flow_reliability_weekly,ge,0.8707205574912893,0.697,0.69472,0.303,False,
montague_flow_reliability_weekly,ge,0.8714431281455673,0.695,0.69188,0.305,False,
montague_flow_reliability_weekly,ge,0.8721656987998453,0.687,0.68496,0.313,False,
montague_flow_reliability_weekly,ge,0.8728882694541232,0.682,0.67916,0.318,False,
montague_flow_reliability_weekly,ge,0.8736108401084012,0.674,0.67344,0.326,False,
montague_flow_reliability_weekly,ge,0.8743334107626792,0.666,0.66644,0.334,False,
montague_flow_reliability_weekly,ge,0.8750559814169572,0.659,0.66,0.341,False,
montague_flow_reliability_weekly,ge,0.8757785520712351,0.65,0.65316,0.35,False,
montague_flow_reliability_weekly,ge,0.8765011227255131,0.641,0.6476,0.359,False,
montague_flow_reliability_weekly,ge,0.877223693379791,0.634,0.64496,0.366,False,
montague_flow_reliability_weekly,ge,0.8779462640340691,0.623,0.63928,0.377,False,
montague_flow_reliability_weekly,ge,0.878668834688347,0.618,0.63172,0.382,False,
montague_flow_reliability_weekly,ge,0.8793914053426249,0.611,0.62484,0.389,False,
montague_flow_reliability_weekly,ge,0.880113975996903,0.608,0.61784,0.392,False,
montague_flow_reliability_weekly,ge,0.8808365466511809,0.601,0.61144,0.399,False,
montague_flow_reliability_weekly,ge,0.8815591173054589,0.593,0.60456,0.407,False,
montague_flow_reliability_weekly,ge,0.8822816879597368,0.584,0.6012,0.416,False,
montague_flow_reliability_weekly,ge,0.8830042586140148,0.582,0.59452,0.418,False,
montague_flow_reliability_weekly,ge,0.8837268292682928,0.578,0.5884,0.422,False,
montague_flow_reliability_weekly,ge,0.8844493999225708,0.573,0.58168,0.427,False,
montague_flow_reliability_weekly,ge,0.8851719705768487,0.57,0.5748,0.43,False,
montague_flow_reliability_weekly,ge,0.8858945412311268,0.564,0.56808,0.436,False,
montague_flow_reliability_weekly,ge,0.8866171118854047,0.556,0.56088,0.444,False,
montague_flow_reliability_weekly,ge,0.8873396825396827,0.546,0.55752,0.454,False,
montague_flow_reliability_weekly,ge,0.8880622531939606,0.54,0.55184,0.46,False,
montague_flow_reliability_weekly,ge,0.8887848238482385,0.536,0.54424,0.464,False,
montague_flow_reliability_weekly,ge,0.8895073945025166,0.532,0.5374,0.468,False,
montague_flow_reliability_weekly,ge,0.8902299651567945,0.526,0.53012,0.474,False,
montague_flow_reliability_weekly,ge,0.8909525358110725,0.521,0.52392,0.479,False,
montague_flow_reliability_weekly,ge,0.8916751064653505,0.514,0.51612,0.486,False,
montague_flow_reliability_weekly,ge,0.8923976771196285,0.501,0.509,0.499,False,
montague_flow_reliability_weekly,ge,0.8924274099883858,0.5,0.509,0.5,False,sow_p50
montague_flow_reliability_weekly,ge,0.8931202477739064,0.494,0.50552,0.506,False,
montague_flow_reliability_weekly,ge,0.8938428184281844,0.489,0.49912,0.511,False,
montague_flow_reliability_weekly,ge,0.8945653890824623,0.483,0.49276,0.517,False,
montague_flow_reliability_weekly,ge,0.8952879597367404,0.478,0.48596,0.522,False,
montague_flow_reliability_weekly,ge,0.8960105303910183,0.471,0.4784,0.529,False,
montague_flow_reliability_weekly,ge,0.8967331010452962,0.467,0.47,0.533,False,
montague_flow_reliability_weekly,ge,0.8974556716995742,0.463,0.46252,0.537,False,
montague_flow_reliability_weekly,ge,0.8981782423538522,0.461,0.45876,0.539,False,
montague_flow_reliability_weekly,ge,0.8989008130081302,0.457,0.45164,0.543,False,
montague_flow_reliability_weekly,ge,0.8996233836624081,0.448,0.44456,0.552,False,
montague_flow_reliability_weekly,ge,0.9003459543166861,0.437,0.43748,0.563,False,
montague_flow_reliability_weekly,ge,0.9010685249709641,0.43,0.42912,0.57,False,
montague_flow_reliability_weekly,ge,0.9017910956252421,0.42,0.42068,0.58,False,
montague_flow_reliability_weekly,ge,0.90251366627952,0.415,0.41312,0.585,False,
montague_flow_reliability_weekly,ge,0.903236236933798,0.408,0.40512,0.592,False,
montague_flow_reliability_weekly,ge,0.903958807588076,0.4,0.40132,0.6,False,
montague_flow_reliability_weekly,ge,0.904681378242354,0.393,0.39428,0.607,False,
montague_flow_reliability_weekly,ge,0.9054039488966319,0.388,0.38688,0.612,False,
montague_flow_reliability_weekly,ge,0.9061265195509098,0.382,0.37912,0.618,False,
montague_flow_reliability_weekly,ge,0.9068490902051879,0.368,0.37192,0.632,False,
montague_flow_reliability_weekly,ge,0.9075716608594658,0.359,0.36368,0.641,False,
montague_flow_reliability_weekly,ge,0.9082942315137438,0.355,0.35596,0.645,False,
montague_flow_reliability_weekly,ge,0.9090168021680217,0.345,0.353,0.655,False,
montague_flow_reliability_weekly,ge,0.9097393728222998,0.337,0.3454,0.663,False,
montague_flow_reliability_weekly,ge,0.9104619434765777,0.328,0.33776,0.672,False,
montague_flow_reliability_weekly,ge,0.9111845141308557,0.323,0.33096,0.677,False,
montague_flow_reliability_weekly,ge,0.9119070847851336,0.314,0.3242,0.686,False,
montague_flow_reliability_weekly,ge,0.9126296554394115,0.305,0.31604,0.695,False,
montague_flow_reliability_weekly,ge,0.9133522260936896,0.295,0.30812,0.705,False,
montague_flow_reliability_weekly,ge,0.9140747967479675,0.288,0.2998,0.712,False,
montague_flow_reliability_weekly,ge,0.9147973674022455,0.283,0.29576,0.717,False,
montague_flow_reliability_weekly,ge,0.9155199380565235,0.275,0.28796,0.725,False,
montague_flow_reliability_weekly,ge,0.9162425087108015,0.265,0.28048,0.735,False,
montague_flow_reliability_weekly,ge,0.9169650793650794,0.255,0.273,0.745,False,
montague_flow_reliability_weekly,ge,0.9176876500193574,0.247,0.2658,0.753,False,
montague_flow_reliability_weekly,ge,0.9184102206736353,0.239,0.25688,0.761,False,
montague_flow_reliability_weekly,ge,0.9191327913279134,0.232,0.24976,0.768,False,
montague_flow_reliability_weekly,ge,0.9198553619821913,0.225,0.24588,0.775,False,
montague_flow_reliability_weekly,ge,0.9205779326364693,0.22,0.23876,0.78,False,
montague_flow_reliability_weekly,ge,0.9213005032907473,0.208,0.23124,0.792,False,
montague_flow_reliability_weekly,ge,0.9220230739450253,0.196,0.22448,0.804,False,
montague_flow_reliability_weekly,ge,0.9227456445993032,0.187,0.2182,0.813,False,
montague_flow_reliability_weekly,ge,0.9234682152535811,0.175,0.21104,0.825,False,
montague_flow_reliability_weekly,ge,0.9241907859078591,0.165,0.20412,0.835,False,
montague_flow_reliability_weekly,ge,0.9249133565621371,0.157,0.19708,0.843,False,
montague_flow_reliability_weekly,ge,0.9256359272164151,0.153,0.19384,0.847,False,
montague_flow_reliability_weekly,ge,0.926358497870693,0.145,0.18652,0.855,False,
montague_flow_reliability_weekly,ge,0.9270810685249711,0.136,0.18056,0.864,False,
montague_flow_reliability_weekly,ge,0.927803639179249,0.133,0.17308,0.867,False,
montague_flow_reliability_weekly,ge,0.928526209833527,0.128,0.16584,0.872,False,
montague_flow_reliability_weekly,ge,0.9292487804878049,0.119,0.15892,0.881,False,
montague_flow_reliability_weekly,ge,0.9299713511420828,0.107,0.15284,0.893,False,
montague_flow_reliability_weekly,ge,0.9306939217963609,0.102,0.15008,0.898,False,
montague_flow_reliability_weekly,ge,0.9314115369725126,0.1,0.14344,0.9,False,sow_p90
montague_flow_reliability_weekly,ge,0.9314164924506388,0.1,0.14344,0.9,False,
montague_flow_reliability_weekly,ge,0.9321390631049168,0.099,0.137,0.901,False,
montague_flow_reliability_weekly,ge,0.9328616337591947,0.095,0.1308,0.905,False,
montague_flow_reliability_weekly,ge,0.9335842044134728,0.091,0.12584,0.909,False,
montague_flow_reliability_weekly,ge,0.9343067750677507,0.088,0.11904,0.912,False,
montague_flow_reliability_weekly,ge,0.9350293457220287,0.081,0.114,0.919,False,
montague_flow_reliability_weekly,ge,0.9357519163763066,0.077,0.1086,0.923,False,
montague_flow_reliability_weekly,ge,0.9364744870305847,0.071,0.10536,0.929,False,
montague_flow_reliability_weekly,ge,0.9371970576848626,0.067,0.10016,0.933,False,
montague_flow_reliability_weekly,ge,0.9379196283391406,0.061,0.09508,0.939,False,
montague_flow_reliability_weekly,ge,0.9386421989934186,0.055,0.09016,0.945,False,
montague_flow_reliability_weekly,ge,0.9393647696476966,0.05,0.085,0.95,False,
montague_flow_reliability_weekly,ge,0.9400873403019745,0.049,0.08,0.951,False,
montague_flow_reliability_weekly,ge,0.9408099109562524,0.048,0.07504,0.952,False,
montague_flow_reliability_weekly,ge,0.9415324816105304,0.042,0.07324,0.958,False,
montague_flow_reliability_weekly,ge,0.9422550522648083,0.038,0.06936,0.962,False,
montague_flow_reliability_weekly,ge,0.9429776229190864,0.032,0.06584,0.968,False,
montague_flow_reliability_weekly,ge,0.9437001935733643,0.027,0.06184,0.973,False,
montague_flow_reliability_weekly,ge,0.9444227642276423,0.023,0.0586,0.977,False,
montague_flow_reliability_weekly,ge,0.9451453348819203,0.019,0.05428,0.981,False,
montague_flow_reliability_weekly,ge,0.9458679055361983,0.019,0.0504,0.981,False,
montague_flow_reliability_weekly,ge,0.9465904761904762,0.018,0.04684,0.982,False,
montague_flow_reliability_weekly,ge,0.9473130468447541,0.014,0.04524,0.986,False,
montague_flow_reliability_weekly,ge,0.9480356174990321,0.012,0.04184,0.988,False,
montague_flow_reliability_weekly,ge,0.9487581881533101,0.012,0.03892,0.988,False,
montague_flow_reliability_weekly,ge,0.9494807588075881,0.01,0.03584,0.99,False,
montague_flow_reliability_weekly,ge,0.950203329461866,0.009,0.03308,0.991,False,
montague_flow_reliability_weekly,ge,0.9509259001161441,0.009,0.02964,0.991,False,
montague_flow_reliability_weekly,ge,0.951648470770422,0.007,0.02704,0.993,False,
montague_flow_reliability_weekly,ge,0.9521543086172345,0.007,0.02596,0.993,False,historic_anchor
montague_flow_reliability_weekly,ge,0.9523710414247,0.007,0.02596,0.993,False,
montague_flow_reliability_weekly,ge,0.9530936120789779,0.006,0.02392,0.994,False,
montague_flow_reliability_weekly,ge,0.9538161827332559,0.002,0.0222,0.998,False,
montague_flow_reliability_weekly,ge,0.9545387533875339,0.002,0.0202,0.998,False,
montague_flow_reliability_weekly,ge,0.9552613240418119,0.001,0.01824,0.999,False,
montague_flow_deficit_cvar90_pct,le,3.354155450358151,0.001,0.02136,0.999,False,
montague_flow_deficit_cvar90_pct,le,3.4623846731063606,0.005,0.02528,0.995,False,
montague_flow_deficit_cvar90_pct,le,3.57061389585457,0.007,0.02928,0.993,False,
montague_flow_deficit_cvar90_pct,le,3.678843118602779,0.01,0.03396,0.99,False,
montague_flow_deficit_cvar90_pct,le,3.787072341350988,0.011,0.0394,0.989,False,
montague_flow_deficit_cvar90_pct,le,3.8953015640991975,0.012,0.04444,0.988,False,
montague_flow_deficit_cvar90_pct,le,4.003530786847406,0.017,0.05004,0.983,False,
montague_flow_deficit_cvar90_pct,le,4.111760009595616,0.021,0.05652,0.979,False,
montague_flow_deficit_cvar90_pct,le,4.219989232343825,0.028,0.0634,0.972,False,
montague_flow_deficit_cvar90_pct,le,4.328218455092035,0.036,0.07016,0.964,False,
montague_flow_deficit_cvar90_pct,le,4.436447677840244,0.044,0.07856,0.956,False,
montague_flow_deficit_cvar90_pct,le,4.544676900588453,0.051,0.08756,0.949,False,
montague_flow_deficit_cvar90_pct,le,4.619025993190728,0.055,0.09308,0.945,False,historic_anchor
montague_flow_deficit_cvar90_pct,le,4.652906123336662,0.056,0.09552,0.944,False,
montague_flow_deficit_cvar90_pct,le,4.761135346084871,0.067,0.1042,0.933,False,
montague_flow_deficit_cvar90_pct,le,4.869364568833081,0.077,0.11308,0.923,False,
montague_flow_deficit_cvar90_pct,le,4.97759379158129,0.084,0.12276,0.916,False,
montague_flow_deficit_cvar90_pct,le,5.085823014329499,0.094,0.133,0.906,False,
montague_flow_deficit_cvar90_pct,le,5.18934831432998,0.1,0.14372,0.9,False,sow_p10
montague_flow_deficit_cvar90_pct,le,5.194052237077709,0.101,0.14404,0.899,False,
montague_flow_deficit_cvar90_pct,le,5.302281459825918,0.111,0.15412,0.889,False,
montague_flow_deficit_cvar90_pct,le,5.410510682574127,0.124,0.16504,0.876,False,
montague_flow_deficit_cvar90_pct,le,5.518739905322336,0.134,0.17628,0.866,False,
montague_flow_deficit_cvar90_pct,le,5.626969128070545,0.142,0.18668,0.858,False,
montague_flow_deficit_cvar90_pct,le,5.735198350818755,0.158,0.19876,0.842,False,
montague_flow_deficit_cvar90_pct,le,5.843427573566965,0.171,0.21164,0.829,False,
montague_flow_deficit_cvar90_pct,le,5.951656796315174,0.192,0.2246,0.808,False,
montague_flow_deficit_cvar90_pct,le,6.0598860190633825,0.216,0.23592,0.784,False,
montague_flow_deficit_cvar90_pct,le,6.168115241811591,0.228,0.24732,0.772,False,
montague_flow_deficit_cvar90_pct,le,6.276344464559801,0.241,0.25968,0.759,False,
montague_flow_deficit_cvar90_pct,le,6.384573687308011,0.256,0.27248,0.744,False,
montague_flow_deficit_cvar90_pct,le,6.49280291005622,0.273,0.28532,0.727,False,
montague_flow_deficit_cvar90_pct,le,6.601032132804429,0.287,0.2986,0.713,False,
montague_flow_deficit_cvar90_pct,le,6.709261355552638,0.301,0.31064,0.699,False,
montague_flow_deficit_cvar90_pct,le,6.8174905783008475,0.318,0.3234,0.682,False,
montague_flow_deficit_cvar90_pct,le,6.925719801049057,0.341,0.33512,0.659,False,
montague_flow_deficit_cvar90_pct,le,7.033949023797266,0.356,0.34888,0.644,False,
montague_flow_deficit_cvar90_pct,le,7.142178246545475,0.365,0.3614,0.635,False,
montague_flow_deficit_cvar90_pct,le,7.250407469293684,0.382,0.3748,0.618,False,
montague_flow_deficit_cvar90_pct,le,7.358636692041894,0.4,0.3872,0.6,False,
montague_flow_deficit_cvar90_pct,le,7.466865914790103,0.414,0.40008,0.586,False,
montague_flow_deficit_cvar90_pct,le,7.575095137538312,0.429,0.413,0.571,False,
montague_flow_deficit_cvar90_pct,le,7.683324360286521,0.443,0.42576,0.557,False,
montague_flow_deficit_cvar90_pct,le,7.791553583034731,0.462,0.43904,0.538,False,
montague_flow_deficit_cvar90_pct,le,7.89978280578294,0.471,0.45276,0.529,False,
montague_flow_deficit_cvar90_pct,le,8.008012028531148,0.481,0.46672,0.519,False,
montague_flow_deficit_cvar90_pct,le,8.116241251279359,0.499,0.47964,0.501,False,
montague_flow_deficit_cvar90_pct,le,8.12206566785518,0.5,0.48012,0.5,False,sow_p50
montague_flow_deficit_cvar90_pct,le,8.224470474027568,0.519,0.49304,0.481,False,
montague_flow_deficit_cvar90_pct,le,8.332699696775776,0.53,0.50784,0.47,False,
montague_flow_deficit_cvar90_pct,le,8.440928919523987,0.546,0.52392,0.454,False,
montague_flow_deficit_cvar90_pct,le,8.549158142272196,0.56,0.5404,0.44,False,
montague_flow_deficit_cvar90_pct,le,8.657387365020405,0.58,0.55696,0.42,False,
montague_flow_deficit_cvar90_pct,le,8.765616587768614,0.59,0.57592,0.41,False,
montague_flow_deficit_cvar90_pct,le,8.873845810516823,0.615,0.59632,0.385,False,
montague_flow_deficit_cvar90_pct,le,8.982075033265033,0.637,0.61768,0.363,False,
montague_flow_deficit_cvar90_pct,le,9.090304256013242,0.661,0.6414,0.339,False,
montague_flow_deficit_cvar90_pct,le,9.198533478761451,0.687,0.66544,0.313,False,
montague_flow_deficit_cvar90_pct,le,9.30676270150966,0.709,0.68848,0.291,False,
montague_flow_deficit_cvar90_pct,le,9.414991924257869,0.725,0.71096,0.275,False,
montague_flow_deficit_cvar90_pct,le,9.52322114700608,0.749,0.73352,0.251,False,
montague_flow_deficit_cvar90_pct,le,9.631450369754289,0.774,0.75464,0.226,False,
montague_flow_deficit_cvar90_pct,le,9.739679592502497,0.796,0.77964,0.204,False,
montague_flow_deficit_cvar90_pct,le,9.847908815250706,0.818,0.80376,0.182,False,
montague_flow_deficit_cvar90_pct,le,9.956138037998915,0.833,0.82856,0.167,False,
montague_flow_deficit_cvar90_pct,le,10.064367260747126,0.849,0.85172,0.151,False,
montague_flow_deficit_cvar90_pct,le,10.172596483495335,0.871,0.87264,0.129,False,
montague_flow_deficit_cvar90_pct,le,10.280825706243544,0.893,0.89024,0.107,False,
montague_flow_deficit_cvar90_pct,le,10.349987357959092,0.9,0.90008,0.1,False,sow_p90
montague_flow_deficit_cvar90_pct,le,10.389054928991753,0.908,0.90452,0.092,False,
montague_flow_deficit_cvar90_pct,le,10.497284151739962,0.933,0.91728,0.067,False,
montague_flow_deficit_cvar90_pct,le,10.605513374488172,0.948,0.92588,0.052,False,
montague_flow_deficit_cvar90_pct,le,10.713742597236381,0.962,0.93328,0.038,False,
montague_flow_deficit_cvar90_pct,le,10.82197181998459,0.967,0.941,0.033,False,
montague_flow_deficit_cvar90_pct,le,10.930201042732799,0.976,0.94656,0.024,False,
montague_flow_deficit_cvar90_pct,le,11.038430265481008,0.986,0.95144,0.014,False,
montague_flow_deficit_cvar90_pct,le,11.146659488229218,0.995,0.95656,0.005,False,
montague_flow_deficit_cvar90_pct,le,11.254888710977427,0.998,0.96096,0.002,False,
montague_flow_deficit_cvar90_pct,le,11.363117933725636,0.998,0.96424,0.002,False,
montague_flow_deficit_cvar90_pct,le,11.471347156473845,0.998,0.96776,0.002,False,
montague_flow_deficit_cvar90_pct,le,11.579576379222054,1.0,0.97088,0.0,False,
montague_flow_deficit_cvar90_pct,le,11.687805601970265,1.0,0.97372,0.0,False,
montague_flow_deficit_cvar90_pct,le,11.796034824718474,1.0,0.97668,0.0,False,
montague_flow_deficit_cvar90_pct,le,11.904264047466683,1.0,0.97852,0.0,False,
montague_flow_deficit_cvar90_pct,le,12.012493270214891,1.0,0.98068,0.0,False,
montague_flow_deficit_cvar90_pct,le,12.1207224929631,1.0,0.9822,0.0,False,
montague_flow_deficit_cvar90_pct,le,12.228951715711311,1.0,0.98416,0.0,False,
montague_flow_deficit_cvar90_pct,le,12.33718093845952,1.0,0.98536,0.0,False,
montague_flow_deficit_cvar90_pct,le,12.445410161207729,1.0,0.9864,0.0,False,
montague_flow_deficit_cvar90_pct,le,12.553639383955938,1.0,0.98788,0.0,False,
montague_flow_deficit_cvar90_pct,le,12.661868606704147,1.0,0.98908,0.0,False,
montague_flow_deficit_cvar90_pct,le,12.770097829452357,1.0,0.99016,0.0,False,
montague_flow_deficit_cvar90_pct,le,12.878327052200566,1.0,0.99116,0.0,False,
montague_flow_deficit_cvar90_pct,le,12.986556274948775,1.0,0.9918,0.0,False,
montague_flow_deficit_cvar90_pct,le,13.094785497696984,1.0,0.9928,0.0,False,
montague_flow_deficit_cvar90_pct,le,13.203014720445193,1.0,0.99352,0.0,False,
montague_flow_deficit_cvar90_pct,le,13.311243943193404,1.0,0.994,0.0,False,
montague_flow_deficit_cvar90_pct,le,13.419473165941612,1.0,0.99452,0.0,False,
montague_flow_deficit_cvar90_pct,le,13.527702388689821,1.0,0.99492,0.0,False,
montague_flow_deficit_cvar90_pct,le,13.63593161143803,1.0,0.9952,0.0,False,
montague_flow_deficit_cvar90_pct,le,13.744160834186241,1.0,0.99572,0.0,False,
montague_flow_deficit_cvar90_pct,le,13.85239005693445,1.0,0.99604,0.0,False,
montague_flow_deficit_cvar90_pct,le,13.960619279682659,1.0,0.99636,0.0,False,
montague_flow_deficit_cvar90_pct,le,14.068848502430868,1.0,0.9966,0.0,False,
montague_flow_deficit_cvar90_pct,le,14.177077725179076,1.0,0.99692,0.0,False,
montague_flow_deficit_cvar90_pct,le,14.285306947927287,1.0,0.99708,0.0,False,
montague_flow_deficit_cvar90_pct,le,14.393536170675496,1.0,0.99724,0.0,False,
montague_flow_deficit_cvar90_pct,le,14.501765393423705,1.0,0.99772,0.0,False,
montague_flow_deficit_cvar90_pct,le,14.609994616171914,1.0,0.99796,0.0,False,
montague_flow_deficit_cvar90_pct,le,14.718223838920123,1.0,0.99828,0.0,False,
montague_flow_deficit_cvar90_pct,le,14.826453061668333,1.0,0.99848,0.0,False,
montague_flow_deficit_cvar90_pct,le,14.934682284416542,1.0,0.99864,0.0,False,
montague_flow_deficit_cvar90_pct,le,15.042911507164751,1.0,0.99864,0.0,False,
montague_flow_deficit_cvar90_pct,le,15.15114072991296,1.0,0.99876,0.0,False,
montague_flow_deficit_cvar90_pct,le,15.259369952661169,1.0,0.9988,0.0,False,
montague_flow_deficit_cvar90_pct,le,15.36759917540938,1.0,0.99884,0.0,False,
montague_flow_deficit_cvar90_pct,le,15.475828398157589,1.0,0.99896,0.0,False,
montague_flow_deficit_cvar90_pct,le,15.584057620905797,1.0,0.99904,0.0,False,
montague_flow_deficit_cvar90_pct,le,15.692286843654006,1.0,0.99916,0.0,False,
montague_flow_deficit_cvar90_pct,le,15.800516066402215,1.0,0.9992,0.0,False,
montague_flow_deficit_cvar90_pct,le,15.908745289150426,1.0,0.99924,0.0,False,
montague_flow_deficit_cvar90_pct,le,16.016974511898635,1.0,0.99932,0.0,False,
montague_flow_deficit_cvar90_pct,le,16.125203734646846,1.0,0.99936,0.0,False,
montague_flow_deficit_cvar90_pct,le,16.233432957395053,1.0,0.99944,0.0,False,
montague_flow_deficit_cvar90_pct,le,16.34166218014326,1.0,0.99944,0.0,False,
montague_flow_deficit_cvar90_pct,le,16.449891402891474,1.0,0.99956,0.0,False,
montague_flow_deficit_cvar90_pct,le,16.55812062563968,1.0,0.99968,0.0,False,
montague_flow_deficit_cvar90_pct,le,16.66634984838789,1.0,0.99972,0.0,False,
montague_flow_deficit_cvar90_pct,le,16.7745790711361,1.0,0.99976,0.0,False,
montague_flow_deficit_cvar90_pct,le,16.88280829388431,1.0,0.99976,0.0,False,
montague_flow_deficit_cvar90_pct,le,16.991037516632517,1.0,0.99976,0.0,False,
montague_flow_deficit_cvar90_pct,le,17.099266739380727,1.0,0.99976,0.0,False,
montague_flow_deficit_cvar90_pct,le,17.207495962128938,1.0,0.99976,0.0,False,
montague_flow_deficit_cvar90_pct,le,17.315725184877145,1.0,0.9998,0.0,False,
montague_flow_deficit_cvar90_pct,le,17.423954407625352,1.0,0.9998,0.0,False,
montague_flow_deficit_cvar90_pct,le,17.532183630373567,1.0,0.9998,0.0,False,
montague_flow_deficit_cvar90_pct,le,17.640412853121774,1.0,0.99984,0.0,False,
montague_flow_deficit_cvar90_pct,le,17.74864207586998,1.0,0.99988,0.0,False,
montague_flow_deficit_cvar90_pct,le,17.85687129861819,1.0,0.99988,0.0,False,
montague_flow_deficit_cvar90_pct,le,17.965100521366402,1.0,0.99988,0.0,False,
montague_flow_deficit_cvar90_pct,le,18.07332974411461,1.0,0.99988,0.0,False,
montague_flow_deficit_cvar90_pct,le,18.18155896686282,1.0,0.99988,0.0,False,
montague_flow_deficit_cvar90_pct,le,18.28978818961103,1.0,0.99988,0.0,False,
montague_flow_deficit_cvar90_pct,le,18.398017412359238,1.0,0.99988,0.0,False,
montague_flow_deficit_cvar90_pct,le,18.506246635107445,1.0,0.99992,0.0,False,
montague_flow_deficit_cvar90_pct,le,18.61447585785566,1.0,0.99996,0.0,False,
montague_flow_deficit_cvar90_pct,le,18.722705080603866,1.0,0.99996,0.0,False,
montague_flow_deficit_cvar90_pct,le,18.830934303352073,1.0,0.99996,0.0,False,
montague_flow_deficit_cvar90_pct,le,18.939163526100284,1.0,0.99996,0.0,False,
montague_flow_deficit_cvar90_pct,le,19.047392748848495,1.0,0.99996,0.0,False,
montague_flow_deficit_cvar90_pct,le,19.1556219715967,1.0,0.99996,0.0,False,
montague_flow_deficit_cvar90_pct,le,19.263851194344912,1.0,0.99996,0.0,False,
montague_flow_deficit_cvar90_pct,le,19.372080417093123,1.0,0.99996,0.0,False,
montague_flow_deficit_cvar90_pct,le,19.48030963984133,1.0,0.99996,0.0,False,
montague_flow_deficit_cvar90_pct,le,19.588538862589537,1.0,0.99996,0.0,False,
montague_flow_deficit_cvar90_pct,le,19.69676808533775,1.0,0.99996,0.0,False,
montague_flow_deficit_cvar90_pct,le,19.80499730808596,1.0,1.0,0.0,False,
montague_flow_deficit_cvar90_pct,le,19.913226530834166,1.0,1.0,0.0,False,
montague_flow_deficit_cvar90_pct,le,20.02145575358238,1.0,1.0,0.0,False,
montague_flow_deficit_cvar90_pct,le,20.129684976330587,1.0,1.0,0.0,False,
montague_flow_deficit_cvar90_pct,le,20.237914199078794,1.0,1.0,0.0,False,
montague_flow_deficit_cvar90_pct,le,20.346143421827,1.0,1.0,0.0,False,
montague_flow_deficit_cvar90_pct,le,20.454372644575216,1.0,1.0,0.0,False,
montague_flow_deficit_cvar90_pct,le,20.562601867323423,1.0,1.0,0.0,False,
montague_flow_deficit_cvar90_pct,le,20.67083109007163,1.0,1.0,0.0,False,
montague_flow_deficit_cvar90_pct,le,20.779060312819844,1.0,1.0,0.0,False,
montague_flow_deficit_cvar90_pct,le,20.88728953556805,1.0,1.0,0.0,False,
montague_flow_deficit_cvar90_pct,le,20.99551875831626,1.0,1.0,0.0,False,
montague_flow_deficit_cvar90_pct,le,21.103747981064473,1.0,1.0,0.0,False,
montague_flow_deficit_cvar90_pct,le,21.21197720381268,1.0,1.0,0.0,False,
montague_flow_deficit_cvar90_pct,le,21.320206426560887,1.0,1.0,0.0,False,
montague_flow_deficit_cvar90_pct,le,21.428435649309094,1.0,1.0,0.0,False,
montague_flow_deficit_cvar90_pct,le,21.536664872057308,1.0,1.0,0.0,False,
montague_flow_deficit_cvar90_pct,le,21.644894094805515,1.0,1.0,0.0,False,
montague_flow_deficit_cvar90_pct,le,21.753123317553722,1.0,1.0,0.0,False,
montague_flow_deficit_cvar90_pct,le,21.861352540301937,1.0,1.0,0.0,False,
montague_flow_deficit_cvar90_pct,le,21.969581763050144,1.0,1.0,0.0,False,
montague_flow_deficit_cvar90_pct,le,22.07781098579835,1.0,1.0,0.0,False,
montague_flow_deficit_cvar90_pct,le,22.186040208546565,1.0,1.0,0.0,False,
montague_flow_deficit_cvar90_pct,le,22.294269431294772,1.0,1.0,0.0,False,
montague_flow_deficit_cvar90_pct,le,22.40249865404298,1.0,1.0,0.0,False,
montague_flow_deficit_cvar90_pct,le,22.510727876791186,1.0,1.0,0.0,False,
montague_flow_deficit_cvar90_pct,le,22.6189570995394,1.0,1.0,0.0,False,
montague_flow_deficit_cvar90_pct,le,22.727186322287608,1.0,1.0,0.0,False,
montague_flow_deficit_cvar90_pct,le,22.835415545035815,1.0,1.0,0.0,False,
montague_flow_deficit_cvar90_pct,le,22.94364476778403,1.0,1.0,0.0,False,
montague_flow_deficit_cvar90_pct,le,23.051873990532236,1.0,1.0,0.0,False,
montague_flow_deficit_cvar90_pct,le,23.160103213280443,1.0,1.0,0.0,False,
montague_flow_deficit_cvar90_pct,le,23.268332436028658,1.0,1.0,0.0,False,
montague_flow_deficit_cvar90_pct,le,23.376561658776865,1.0,1.0,0.0,False,
montague_flow_deficit_cvar90_pct,le,23.484790881525072,1.0,1.0,0.0,False,
montague_flow_deficit_cvar90_pct,le,23.59302010427328,1.0,1.0,0.0,False,
montague_flow_deficit_cvar90_pct,le,23.701249327021493,1.0,1.0,0.0,False,
montague_flow_deficit_cvar90_pct,le,23.8094785497697,1.0,1.0,0.0,False,
montague_flow_deficit_cvar90_pct,le,23.917707772517907,1.0,1.0,0.0,False,
montague_flow_deficit_cvar90_pct,le,24.02593699526612,1.0,1.0,0.0,False,
montague_flow_deficit_cvar90_pct,le,24.13416621801433,1.0,1.0,0.0,False,
montague_flow_deficit_cvar90_pct,le,24.242395440762536,1.0,1.0,0.0,False,
montague_flow_deficit_cvar90_pct,le,24.35062466351075,1.0,1.0,0.0,False,
montague_flow_deficit_cvar90_pct,le,24.458853886258957,1.0,1.0,0.0,False,
montague_flow_deficit_cvar90_pct,le,24.567083109007164,1.0,1.0,0.0,False,
montague_flow_deficit_cvar90_pct,le,24.67531233175538,1.0,1.0,0.0,False,
montague_flow_deficit_cvar90_pct,le,24.783541554503586,1.0,1.0,0.0,False,
montague_flow_deficit_cvar90_pct,le,24.891770777251793,1.0,1.0,0.0,False,
montague_flow_deficit_cvar90_pct,le,25.0,1.0,1.0,0.0,True,current
trenton_flow_reliability_weekly,ge,0.85,1.0,1.0,0.0,True,current
trenton_flow_reliability_weekly,ge,0.8507390050329074,1.0,1.0,0.0,False,
trenton_flow_reliability_weekly,ge,0.8514780100658149,1.0,1.0,0.0,False,
trenton_flow_reliability_weekly,ge,0.8522170150987224,1.0,1.0,0.0,False,
trenton_flow_reliability_weekly,ge,0.8529560201316299,1.0,1.0,0.0,False,
trenton_flow_reliability_weekly,ge,0.8536950251645373,1.0,1.0,0.0,False,
trenton_flow_reliability_weekly,ge,0.8544340301974448,1.0,1.0,0.0,False,
trenton_flow_reliability_weekly,ge,0.8551730352303523,1.0,1.0,0.0,False,
trenton_flow_reliability_weekly,ge,0.8559120402632597,1.0,1.0,0.0,False,
trenton_flow_reliability_weekly,ge,0.8566510452961672,1.0,1.0,0.0,False,
trenton_flow_reliability_weekly,ge,0.8573900503290747,1.0,1.0,0.0,False,
trenton_flow_reliability_weekly,ge,0.8581290553619821,1.0,1.0,0.0,False,
trenton_flow_reliability_weekly,ge,0.8588680603948896,1.0,1.0,0.0,False,
trenton_flow_reliability_weekly,ge,0.8596070654277971,1.0,1.0,0.0,False,
trenton_flow_reliability_weekly,ge,0.8603460704607045,1.0,1.0,0.0,False,
trenton_flow_reliability_weekly,ge,0.861085075493612,1.0,1.0,0.0,False,
trenton_flow_reliability_weekly,ge,0.8618240805265195,1.0,1.0,0.0,False,
trenton_flow_reliability_weekly,ge,0.8625630855594271,1.0,1.0,0.0,False,
trenton_flow_reliability_weekly,ge,0.8633020905923345,1.0,1.0,0.0,False,
trenton_flow_reliability_weekly,ge,0.864041095625242,1.0,1.0,0.0,False,
trenton_flow_reliability_weekly,ge,0.8647801006581495,1.0,1.0,0.0,False,
trenton_flow_reliability_weekly,ge,0.865519105691057,1.0,1.0,0.0,False,
trenton_flow_reliability_weekly,ge,0.8662581107239644,1.0,1.0,0.0,False,
trenton_flow_reliability_weekly,ge,0.8669971157568719,1.0,1.0,0.0,False,
trenton_flow_reliability_weekly,ge,0.8677361207897794,1.0,1.0,0.0,False,
trenton_flow_reliability_weekly,ge,0.8684751258226868,1.0,1.0,0.0,False,
trenton_flow_reliability_weekly,ge,0.8692141308555943,1.0,1.0,0.0,False,
trenton_flow_reliability_weekly,ge,0.8699531358885018,1.0,1.0,0.0,False,
trenton_flow_reliability_weekly,ge,0.8706921409214092,1.0,1.0,0.0,False,
trenton_flow_reliability_weekly,ge,0.8714311459543167,1.0,1.0,0.0,False,
trenton_flow_reliability_weekly,ge,0.8721701509872242,1.0,1.0,0.0,False,
trenton_flow_reliability_weekly,ge,0.8729091560201316,1.0,1.0,0.0,False,
trenton_flow_reliability_weekly,ge,0.8736481610530391,1.0,1.0,0.0,False,
trenton_flow_reliability_weekly,ge,0.8743871660859466,1.0,1.0,0.0,False,
trenton_flow_reliability_weekly,ge,0.875126171118854,1.0,1.0,0.0,False,
trenton_flow_reliability_weekly,ge,0.8758651761517615,1.0,1.0,0.0,False,
trenton_flow_reliability_weekly,ge,0.876604181184669,1.0,1.0,0.0,False,
trenton_flow_reliability_weekly,ge,0.8773431862175765,1.0,1.0,0.0,False,
trenton_flow_reliability_weekly,ge,0.8780821912504839,1.0,1.0,0.0,False,
trenton_flow_reliability_weekly,ge,0.8788211962833914,1.0,1.0,0.0,False,
trenton_flow_reliability_weekly,ge,0.8795602013162989,1.0,1.0,0.0,False,
trenton_flow_reliability_weekly,ge,0.8802992063492063,1.0,1.0,0.0,False,
trenton_flow_reliability_weekly,ge,0.8810382113821138,1.0,1.0,0.0,False,
trenton_flow_reliability_weekly,ge,0.8817772164150213,1.0,1.0,0.0,False,
trenton_flow_reliability_weekly,ge,0.8825162214479287,1.0,1.0,0.0,False,
trenton_flow_reliability_weekly,ge,0.8832552264808362,1.0,1.0,0.0,False,
trenton_flow_reliability_weekly,ge,0.8839942315137437,1.0,1.0,0.0,False,
trenton_flow_reliability_weekly,ge,0.8847332365466511,1.0,1.0,0.0,False,
trenton_flow_reliability_weekly,ge,0.8854722415795586,1.0,1.0,0.0,False,
trenton_flow_reliability_weekly,ge,0.8862112466124661,1.0,1.0,0.0,False,
trenton_flow_reliability_weekly,ge,0.8869502516453736,1.0,1.0,0.0,False,
trenton_flow_reliability_weekly,ge,0.8876892566782811,1.0,1.0,0.0,False,
trenton_flow_reliability_weekly,ge,0.8884282617111886,1.0,1.0,0.0,False,
trenton_flow_reliability_weekly,ge,0.8891672667440961,1.0,1.0,0.0,False,
trenton_flow_reliability_weekly,ge,0.8899062717770035,1.0,1.0,0.0,False,
trenton_flow_reliability_weekly,ge,0.890645276809911,1.0,1.0,0.0,False,
trenton_flow_reliability_weekly,ge,0.8913842818428185,1.0,1.0,0.0,False,
trenton_flow_reliability_weekly,ge,0.892123286875726,1.0,1.0,0.0,False,
trenton_flow_reliability_weekly,ge,0.8928622919086334,1.0,1.0,0.0,False,
trenton_flow_reliability_weekly,ge,0.8936012969415409,1.0,1.0,0.0,False,
trenton_flow_reliability_weekly,ge,0.8943403019744484,1.0,1.0,0.0,False,
trenton_flow_reliability_weekly,ge,0.8950793070073558,1.0,1.0,0.0,False,
trenton_flow_reliability_weekly,ge,0.8958183120402633,1.0,1.0,0.0,False,
trenton_flow_reliability_weekly,ge,0.8965573170731708,1.0,1.0,0.0,False,
trenton_flow_reliability_weekly,ge,0.8972963221060782,1.0,1.0,0.0,False,
trenton_flow_reliability_weekly,ge,0.8980353271389857,1.0,1.0,0.0,False,
trenton_flow_reliability_weekly,ge,0.8987743321718932,1.0,1.0,0.0,False,
trenton_flow_reliability_weekly,ge,0.8995133372048006,1.0,1.0,0.0,False,
trenton_flow_reliability_weekly,ge,0.9002523422377081,1.0,1.0,0.0,False,
trenton_flow_reliability_weekly,ge,0.9009913472706156,1.0,1.0,0.0,False,
trenton_flow_reliability_weekly,ge,0.901730352303523,1.0,1.0,0.0,False,
trenton_flow_reliability_weekly,ge,0.9024693573364305,1.0,1.0,0.0,False,
trenton_flow_reliability_weekly,ge,0.903208362369338,1.0,1.0,0.0,False,
trenton_flow_reliability_weekly,ge,0.9039473674022455,1.0,1.0,0.0,False,
trenton_flow_reliability_weekly,ge,0.9046863724351529,1.0,1.0,0.0,False,
trenton_flow_reliability_weekly,ge,0.9054253774680604,1.0,1.0,0.0,False,
trenton_flow_reliability_weekly,ge,0.9061643825009679,1.0,1.0,0.0,False,
trenton_flow_reliability_weekly,ge,0.9069033875338753,1.0,1.0,0.0,False,
trenton_flow_reliability_weekly,ge,0.9076423925667828,1.0,1.0,0.0,False,
trenton_flow_reliability_weekly,ge,0.9083813975996903,1.0,1.0,0.0,False,
trenton_flow_reliability_weekly,ge,0.9091204026325977,1.0,1.0,0.0,False,
trenton_flow_reliability_weekly,ge,0.9098594076655052,1.0,1.0,0.0,False,
trenton_flow_reliability_weekly,ge,0.9105984126984128,1.0,1.0,0.0,False,
trenton_flow_reliability_weekly,ge,0.9113374177313203,1.0,1.0,0.0,False,
trenton_flow_reliability_weekly,ge,0.9120764227642277,1.0,1.0,0.0,False,
trenton_flow_reliability_weekly,ge,0.9128154277971352,1.0,1.0,0.0,False,
trenton_flow_reliability_weekly,ge,0.9135544328300427,1.0,1.0,0.0,False,
trenton_flow_reliability_weekly,ge,0.9142934378629501,1.0,1.0,0.0,False,
trenton_flow_reliability_weekly,ge,0.9150324428958576,1.0,1.0,0.0,False,
trenton_flow_reliability_weekly,ge,0.9157714479287651,1.0,1.0,0.0,False,
trenton_flow_reliability_weekly,ge,0.9165104529616726,1.0,1.0,0.0,False,
trenton_flow_reliability_weekly,ge,0.91724945799458,1.0,1.0,0.0,False,
trenton_flow_reliability_weekly,ge,0.9179884630274875,1.0,1.0,0.0,False,
trenton_flow_reliability_weekly,ge,0.918727468060395,1.0,1.0,0.0,False,
trenton_flow_reliability_weekly,ge,0.9194664730933024,1.0,1.0,0.0,False,
trenton_flow_reliability_weekly,ge,0.9202054781262099,1.0,1.0,0.0,False,
trenton_flow_reliability_weekly,ge,0.9209444831591174,1.0,1.0,0.0,False,
trenton_flow_reliability_weekly,ge,0.9216834881920248,1.0,1.0,0.0,False,
trenton_flow_reliability_weekly,ge,0.9224224932249323,1.0,1.0,0.0,False,
trenton_flow_reliability_weekly,ge,0.9231614982578398,1.0,1.0,0.0,False,
trenton_flow_reliability_weekly,ge,0.9239005032907472,1.0,1.0,0.0,False,
trenton_flow_reliability_weekly,ge,0.9246395083236547,1.0,1.0,0.0,False,
trenton_flow_reliability_weekly,ge,0.9253785133565622,1.0,0.99996,0.0,False,
trenton_flow_reliability_weekly,ge,0.9261175183894697,1.0,0.99996,0.0,False,
trenton_flow_reliability_weekly,ge,0.9268565234223771,1.0,0.99996,0.0,False,
trenton_flow_reliability_weekly,ge,0.9275955284552846,1.0,0.99996,0.0,False,
trenton_flow_reliability_weekly,ge,0.9283345334881921,1.0,0.99996,0.0,False,
trenton_flow_reliability_weekly,ge,0.9290735385210995,1.0,0.99996,0.0,False,
trenton_flow_reliability_weekly,ge,0.929812543554007,1.0,0.99996,0.0,False,
trenton_flow_reliability_weekly,ge,0.9305515485869145,1.0,0.99992,0.0,False,
trenton_flow_reliability_weekly,ge,0.9312905536198219,1.0,0.99992,0.0,False,
trenton_flow_reliability_weekly,ge,0.9320295586527294,1.0,0.99992,0.0,False,
trenton_flow_reliability_weekly,ge,0.9327685636856369,1.0,0.99992,0.0,False,
trenton_flow_reliability_weekly,ge,0.9335075687185443,1.0,0.99992,0.0,False,
trenton_flow_reliability_weekly,ge,0.9342465737514518,1.0,0.99988,0.0,False,
trenton_flow_reliability_weekly,ge,0.9349855787843593,1.0,0.99984,0.0,False,
trenton_flow_reliability_weekly,ge,0.9357245838172668,1.0,0.99984,0.0,False,
trenton_flow_reliability_weekly,ge,0.9364635888501742,1.0,0.99984,0.0,False,
trenton_flow_reliability_weekly,ge,0.9372025938830818,1.0,0.99984,0.0,False,
trenton_flow_reliability_weekly,ge,0.9379415989159893,1.0,0.9998,0.0,False,
trenton_flow_reliability_weekly,ge,0.9386806039488967,1.0,0.99976,0.0,False,
trenton_flow_reliability_weekly,ge,0.9394196089818042,1.0,0.99972,0.0,False,
trenton_flow_reliability_weekly,ge,0.9401586140147117,1.0,0.99964,0.0,False,
trenton_flow_reliability_weekly,ge,0.9408976190476191,1.0,0.99956,0.0,False,
trenton_flow_reliability_weekly,ge,0.9416366240805266,1.0,0.99948,0.0,False,
trenton_flow_reliability_weekly,ge,0.9423756291134341,1.0,0.99944,0.0,False,
trenton_flow_reliability_weekly,ge,0.9431146341463416,1.0,0.99932,0.0,False,
trenton_flow_reliability_weekly,ge,0.943853639179249,1.0,0.9992,0.0,False,
trenton_flow_reliability_weekly,ge,0.9445926442121565,1.0,0.99888,0.0,False,
trenton_flow_reliability_weekly,ge,0.945331649245064,1.0,0.99876,0.0,False,
trenton_flow_reliability_weekly,ge,0.9460706542779714,1.0,0.99856,0.0,False,
trenton_flow_reliability_weekly,ge,0.9468096593108789,1.0,0.99824,0.0,False,
trenton_flow_reliability_weekly,ge,0.9475486643437864,1.0,0.99776,0.0,False,
trenton_flow_reliability_weekly,ge,0.9482876693766938,1.0,0.99756,0.0,False,
trenton_flow_reliability_weekly,ge,0.9490266744096013,1.0,0.99712,0.0,False,
trenton_flow_reliability_weekly,ge,0.9497656794425088,1.0,0.99656,0.0,False,
trenton_flow_reliability_weekly,ge,0.9505046844754163,1.0,0.99604,0.0,False,
trenton_flow_reliability_weekly,ge,0.9512436895083237,1.0,0.99528,0.0,False,
trenton_flow_reliability_weekly,ge,0.9519826945412312,1.0,0.99492,0.0,False,
trenton_flow_reliability_weekly,ge,0.9527216995741387,1.0,0.99396,0.0,False,
trenton_flow_reliability_weekly,ge,0.9534607046070461,1.0,0.99304,0.0,False,
trenton_flow_reliability_weekly,ge,0.9541997096399536,0.999,0.99188,0.001,False,
trenton_flow_reliability_weekly,ge,0.9549387146728611,0.999,0.9906,0.001,False,
trenton_flow_reliability_weekly,ge,0.9556777197057685,0.997,0.98852,0.003,False,
trenton_flow_reliability_weekly,ge,0.956416724738676,0.996,0.98708,0.004,False,
trenton_flow_reliability_weekly,ge,0.9571557297715835,0.995,0.9856,0.005,False,
trenton_flow_reliability_weekly,ge,0.9578947348044909,0.995,0.98316,0.005,False,
trenton_flow_reliability_weekly,ge,0.9586337398373985,0.992,0.98072,0.008,False,
trenton_flow_reliability_weekly,ge,0.959372744870306,0.99,0.97808,0.01,False,
trenton_flow_reliability_weekly,ge,0.9601117499032135,0.989,0.97684,0.011,False,
trenton_flow_reliability_weekly,ge,0.9608507549361209,0.985,0.97372,0.015,False,
trenton_flow_reliability_weekly,ge,0.9615897599690284,0.985,0.96964,0.015,False,
trenton_flow_reliability_weekly,ge,0.9623287650019359,0.981,0.96636,0.019,False,
trenton_flow_reliability_weekly,ge,0.9630677700348433,0.978,0.96252,0.022,False,
trenton_flow_reliability_weekly,ge,0.9638067750677508,0.976,0.9584,0.024,False,
trenton_flow_reliability_weekly,ge,0.9645457801006583,0.972,0.95288,0.028,False,
trenton_flow_reliability_weekly,ge,0.9652847851335657,0.97,0.94812,0.03,False,
trenton_flow_reliability_weekly,ge,0.9660237901664732,0.961,0.94304,0.039,False,
trenton_flow_reliability_weekly,ge,0.9667627951993807,0.954,0.93744,0.046,False,
trenton_flow_reliability_weekly,ge,0.9675018002322882,0.944,0.93116,0.056,False,
trenton_flow_reliability_weekly,ge,0.9682408052651956,0.937,0.92812,0.063,False,
trenton_flow_reliability_weekly,ge,0.9689798102981031,0.929,0.92184,0.071,False,
trenton_flow_reliability_weekly,ge,0.9697188153310106,0.918,0.91304,0.082,False,
trenton_flow_reliability_weekly,ge,0.970457820363918,0.91,0.90476,0.09,False,
trenton_flow_reliability_weekly,ge,0.9711968253968255,0.902,0.897,0.098,False,
trenton_flow_reliability_weekly,ge,0.9712737127371274,0.901,0.897,0.099,False,sow_p10
trenton_flow_reliability_weekly,ge,0.971935830429733,0.894,0.88804,0.106,False,
trenton_flow_reliability_weekly,ge,0.9726748354626404,0.883,0.8776,0.117,False,
trenton_flow_reliability_weekly,ge,0.9734138404955479,0.876,0.86684,0.124,False,
trenton_flow_reliability_weekly,ge,0.9741528455284554,0.869,0.85584,0.131,False,
trenton_flow_reliability_weekly,ge,0.9748918505613628,0.857,0.84416,0.143,False,
trenton_flow_reliability_weekly,ge,0.9756308555942703,0.847,0.83308,0.153,False,
trenton_flow_reliability_weekly,ge,0.9763698606271778,0.834,0.82624,0.166,False,
trenton_flow_reliability_weekly,ge,0.9771088656600853,0.82,0.81232,0.18,False,
trenton_flow_reliability_weekly,ge,0.9778478706929927,0.809,0.79696,0.191,False,
trenton_flow_reliability_weekly,ge,0.9785868757259002,0.791,0.78108,0.209,False,
trenton_flow_reliability_weekly,ge,0.9793258807588077,0.781,0.765,0.219,False,
trenton_flow_reliability_weekly,ge,0.9800648857917151,0.753,0.74688,0.247,False,
trenton_flow_reliability_weekly,ge,0.9808038908246226,0.73,0.72876,0.27,False,
trenton_flow_reliability_weekly,ge,0.9815428958575301,0.702,0.71036,0.298,False,
trenton_flow_reliability_weekly,ge,0.9822819008904375,0.681,0.6902,0.319,False,
trenton_flow_reliability_weekly,ge,0.983020905923345,0.653,0.66912,0.347,False,
trenton_flow_reliability_weekly,ge,0.9837599109562525,0.634,0.64656,0.366,False,
trenton_flow_reliability_weekly,ge,0.98449891598916,0.624,0.6344,0.376,False,
trenton_flow_reliability_weekly,ge,0.9852379210220674,0.59,0.61088,0.41,False,
trenton_flow_reliability_weekly,ge,0.9859769260549749,0.566,0.58724,0.434,False,
trenton_flow_reliability_weekly,ge,0.9867159310878824,0.548,0.56076,0.452,False,
trenton_flow_reliability_weekly,ge,0.9874549361207899,0.529,0.53276,0.471,False,
trenton_flow_reliability_weekly,ge,0.9881939411536974,0.503,0.50288,0.497,False,
trenton_flow_reliability_weekly,ge,0.9882539682539682,0.5,0.50288,0.5,False,sow_p50
trenton_flow_reliability_weekly,ge,0.9889329461866049,0.471,0.47176,0.529,False,
trenton_flow_reliability_weekly,ge,0.9896719512195123,0.436,0.4394,0.564,False,
trenton_flow_reliability_weekly,ge,0.9904109562524198,0.404,0.40344,0.596,False,
trenton_flow_reliability_weekly,ge,0.9911499612853273,0.358,0.36648,0.642,False,
trenton_flow_reliability_weekly,ge,0.9918889663182348,0.313,0.32464,0.687,False,
trenton_flow_reliability_weekly,ge,0.9926279713511422,0.263,0.30264,0.737,False,
trenton_flow_reliability_weekly,ge,0.9933669763840497,0.224,0.25896,0.776,False,
trenton_flow_reliability_weekly,ge,0.9941059814169572,0.173,0.21288,0.827,False,
trenton_flow_reliability_weekly,ge,0.9944889779559118,0.142,0.18988,0.858,False,historic_anchor
trenton_flow_reliability_weekly,ge,0.9948449864498646,0.118,0.16844,0.882,False,
trenton_flow_reliability_weekly,ge,0.9951095625241967,0.1,0.1438,0.9,False,sow_p90
trenton_flow_reliability_weekly,ge,0.9955839914827721,0.079,0.12284,0.921,False,
trenton_flow_reliability_weekly,ge,0.9963229965156796,0.043,0.08388,0.957,False,
trenton_flow_reliability_weekly,ge,0.997062001548587,0.012,0.04868,0.988,False,
trenton_flow_reliability_weekly,ge,0.9978010065814945,0.001,0.02248,0.999,False,
downstream_flood_exceedance_minor,le,0.24868201071406862,0.001,0.07048,0.999,False,
downstream_flood_exceedance_minor,le,0.281413759919991,0.003,0.08404,0.997,False,
downstream_flood_exceedance_minor,le,0.3141455091259134,0.006,0.099,0.994,False,
downstream_flood_exceedance_minor,le,0.3447487781911453,0.014,0.11312,0.986,False,historic_anchor
downstream_flood_exceedance_minor,le,0.34687725833183575,0.015,0.11396,0.985,False,
downstream_flood_exceedance_minor,le,0.3796090075377581,0.024,0.12976,0.976,False,
downstream_flood_exceedance_minor,le,0.4123407567436805,0.041,0.1442,0.959,False,
downstream_flood_exceedance_minor,le,0.4450725059496029,0.058,0.16012,0.942,False,
downstream_flood_exceedance_minor,le,0.47780425515552527,0.09,0.17524,0.91,False,
downstream_flood_exceedance_minor,le,0.5021981441096927,0.1,0.18668,0.9,False,sow_p10
downstream_flood_exceedance_minor,le,0.5105360043614476,0.105,0.19028,0.895,False,
downstream_flood_exceedance_minor,le,0.54326775356737,0.124,0.20596,0.876,False,
downstream_flood_exceedance_minor,le,0.5759995027732924,0.147,0.22132,0.853,False,
downstream_flood_exceedance_minor,le,0.6087312519792147,0.17,0.23568,0.83,False,
downstream_flood_exceedance_minor,le,0.6414630011851371,0.185,0.25076,0.815,False,
downstream_flood_exceedance_minor,le,0.6741947503910595,0.205,0.26684,0.795,False,
downstream_flood_exceedance_minor,le,0.7069264995969818,0.224,0.2802,0.776,False,
downstream_flood_exceedance_minor,le,0.7396582488029042,0.24,0.29504,0.76,False,
downstream_flood_exceedance_minor,le,0.7723899980088266,0.257,0.30944,0.743,False,
downstream_flood_exceedance_minor,le,0.8051217472147489,0.274,0.32376,0.726,False,
downstream_flood_exceedance_minor,le,0.8378534964206713,0.299,0.33684,0.701,False,
downstream_flood_exceedance_minor,le,0.8705852456265937,0.319,0.35008,0.681,False,
downstream_flood_exceedance_minor,le,0.903316994832516,0.337,0.36308,0.663,False,
downstream_flood_exceedance_minor,le,0.9360487440384384,0.354,0.37712,0.646,False,
downstream_flood_exceedance_minor,le,0.9687804932443608,0.372,0.39096,0.628,False,
downstream_flood_exceedance_minor,le,1.0,0.383,0.40296,0.617,True,current
downstream_flood_exceedance_minor,le,1.0015122424502831,0.384,0.40356,0.616,False,
downstream_flood_exceedance_minor,le,1.0342439916562056,0.393,0.41632,0.607,False,
downstream_flood_exceedance_minor,le,1.066975740862128,0.405,0.4282,0.595,False,
downstream_flood_exceedance_minor,le,1.0997074900680504,0.415,0.44052,0.585,False,
downstream_flood_exceedance_minor,le,1.1324392392739728,0.426,0.45164,0.574,False,
downstream_flood_exceedance_minor,le,1.165170988479895,0.441,0.463,0.559,False,
downstream_flood_exceedance_minor,le,1.17,0.445,0.46504,0.555,False,anchor_observed_2000_2023
downstream_flood_exceedance_minor,le,1.1979027376858176,0.456,0.47452,0.544,False,
downstream_flood_exceedance_minor,le,1.2306344868917398,0.472,0.48552,0.528,False,
downstream_flood_exceedance_minor,le,1.263366236097662,0.489,0.49536,0.511,False,
downstream_flood_exceedance_minor,le,1.2960979853035846,0.499,0.50704,0.501,False,
downstream_flood_exceedance_minor,le,1.2990156060832034,0.5,0.5082,0.5,False,sow_p50
downstream_flood_exceedance_minor,le,1.328829734509507,0.507,0.51864,0.493,False,
downstream_flood_exceedance_minor,le,1.3615614837154293,0.519,0.52944,0.481,False,
downstream_flood_exceedance_minor,le,1.3942932329213518,0.528,0.53976,0.472,False,
downstream_flood_exceedance_minor,le,1.427024982127274,0.536,0.54992,0.464,False,
downstream_flood_exceedance_minor,le,1.4597567313331965,0.542,0.55892,0.458,False,
downstream_flood_exceedance_minor,le,1.4924884805391188,0.554,0.56916,0.446,False,
downstream_flood_exceedance_minor,le,1.5252202297450412,0.56,0.5786,0.44,False,
downstream_flood_exceedance_minor,le,1.5579519789509635,0.564,0.58864,0.436,False,
downstream_flood_exceedance_minor,le,1.590683728156886,0.572,0.59744,0.428,False,
downstream_flood_exceedance_minor,le,1.6234154773628082,0.58,0.60608,0.42,False,
downstream_flood_exceedance_minor,le,1.6561472265687307,0.592,0.61368,0.408,False,
downstream_flood_exceedance_minor,le,1.688878975774653,0.603,0.62312,0.397,False,
downstream_flood_exceedance_minor,le,1.7216107249805754,0.616,0.63276,0.384,False,
downstream_flood_exceedance_minor,le,1.7543424741864977,0.624,0.641,0.376,False,
downstream_flood_exceedance_minor,le,1.7870742233924202,0.636,0.64916,0.364,False,
downstream_flood_exceedance_minor,le,1.8198059725983426,0.645,0.65736,0.355,False,
downstream_flood_exceedance_minor,le,1.852537721804265,0.654,0.66484,0.346,False,
downstream_flood_exceedance_minor,le,1.8852694710101874,0.669,0.6732,0.331,False,
downstream_flood_exceedance_minor,le,1.9180012202161096,0.68,0.68076,0.32,False,
downstream_flood_exceedance_minor,le,1.9507329694220321,0.688,0.68812,0.312,False,
downstream_flood_exceedance_minor,le,1.9834647186279544,0.691,0.69528,0.309,False,
downstream_flood_exceedance_minor,le,2.016196467833877,0.701,0.70328,0.299,False,
downstream_flood_exceedance_minor,le,2.048928217039799,0.707,0.70952,0.293,False,
downstream_flood_exceedance_minor,le,2.081659966245722,0.713,0.71628,0.287,False,
downstream_flood_exceedance_minor,le,2.114391715451644,0.718,0.72368,0.282,False,
downstream_flood_exceedance_minor,le,2.1471234646575663,0.728,0.73032,0.272,False,
downstream_flood_exceedance_minor,le,2.1798552138634886,0.736,0.73744,0.264,False,
downstream_flood_exceedance_minor,le,2.2125869630694113,0.747,0.74464,0.253,False,
downstream_flood_exceedance_minor,le,2.2453187122753335,0.755,0.75144,0.245,False,
downstream_flood_exceedance_minor,le,2.278050461481256,0.758,0.758,0.242,False,
downstream_flood_exceedance_minor,le,2.3107822106871785,0.765,0.76428,0.235,False,
downstream_flood_exceedance_minor,le,2.3435139598931007,0.779,0.77064,0.221,False,
downstream_flood_exceedance_minor,le,2.376245709099023,0.794,0.77656,0.206,False,
downstream_flood_exceedance_minor,le,2.4089774583049457,0.802,0.78204,0.198,False,
downstream_flood_exceedance_minor,le,2.441709207510868,0.808,0.78788,0.192,False,
downstream_flood_exceedance_minor,le,2.47444095671679,0.814,0.79356,0.186,False,
downstream_flood_exceedance_minor,le,2.5071727059227125,0.821,0.79876,0.179,False,
downstream_flood_exceedance_minor,le,2.539904455128635,0.823,0.8044,0.177,False,
downstream_flood_exceedance_minor,le,2.5726362043345574,0.828,0.81004,0.172,False,
downstream_flood_exceedance_minor,le,2.6053679535404797,0.834,0.81464,0.166,False,
downstream_flood_exceedance_minor,le,2.638099702746402,0.844,0.81976,0.156,False,
downstream_flood_exceedance_minor,le,2.6708314519523246,0.848,0.82524,0.152,False,
downstream_flood_exceedance_minor,le,2.703563201158247,0.854,0.83008,0.146,False,
downstream_flood_exceedance_minor,le,2.736294950364169,0.859,0.83444,0.141,False,
downstream_flood_exceedance_minor,le,2.7690266995700914,0.864,0.83896,0.136,False,
downstream_flood_exceedance_minor,le,2.801758448776014,0.868,0.8442,0.132,False,
downstream_flood_exceedance_minor,le,2.8344901979819364,0.87,0.849,0.13,False,
downstream_flood_exceedance_minor,le,2.8672219471878586,0.875,0.85324,0.125,False,
downstream_flood_exceedance_minor,le,2.8999536963937813,0.875,0.85652,0.125,False,
downstream_flood_exceedance_minor,le,2.9326854455997036,0.882,0.86012,0.118,False,
downstream_flood_exceedance_minor,le,2.965417194805626,0.891,0.86464,0.109,False,
downstream_flood_exceedance_minor,le,2.998148944011548,0.898,0.86896,0.102,False,
downstream_flood_exceedance_minor,le,3.021761157298967,0.9,0.8714,0.1,False,sow_p90
downstream_flood_exceedance_minor,le,3.030880693217471,0.9,0.87256,0.1,False,
downstream_flood_exceedance_minor,le,3.063612442423393,0.904,0.8762,0.096,False,
downstream_flood_exceedance_minor,le,3.0963441916293153,0.905,0.88,0.095,False,
downstream_flood_exceedance_minor,le,3.1290759408352375,0.909,0.88368,0.091,False,
downstream_flood_exceedance_minor,le,3.1618076900411602,0.91,0.88612,0.09,False,
downstream_flood_exceedance_minor,le,3.1945394392470825,0.913,0.88908,0.087,False,
downstream_flood_exceedance_minor,le,3.2272711884530048,0.918,0.89208,0.082,False,
downstream_flood_exceedance_minor,le,3.260002937658927,0.921,0.89528,0.079,False,
downstream_flood_exceedance_minor,le,3.2927346868648497,0.924,0.89856,0.076,False,
downstream_flood_exceedance_minor,le,3.325466436070772,0.926,0.90136,0.074,False,
downstream_flood_exceedance_minor,le,3.3581981852766942,0.927,0.90512,0.073,False,
downstream_flood_exceedance_minor,le,3.390929934482617,0.93,0.90768,0.07,False,
downstream_flood_exceedance_minor,le,3.423661683688539,0.932,0.91028,0.068,False,
downstream_flood_exceedance_minor,le,3.4563934328944614,0.935,0.91332,0.065,False,
downstream_flood_exceedance_minor,le,3.4891251821003837,0.937,0.91592,0.063,False,
downstream_flood_exceedance_minor,le,3.5218569313063064,0.939,0.91856,0.061,False,
downstream_flood_exceedance_minor,le,3.5545886805122286,0.941,0.92088,0.059,False,
downstream_flood_exceedance_minor,le,3.587320429718151,0.943,0.92304,0.057,False,
downstream_flood_exceedance_minor,le,3.620052178924073,0.947,0.92552,0.053,False,
downstream_flood_exceedance_minor,le,3.652783928129996,0.948,0.92784,0.052,False,
downstream_flood_exceedance_minor,le,3.685515677335918,0.952,0.9302,0.048,False,
downstream_flood_exceedance_minor,le,3.7182474265418404,0.953,0.93216,0.047,False,
downstream_flood_exceedance_minor,le,3.7509791757477626,0.956,0.9346,0.044,False,
downstream_flood_exceedance_minor,le,3.7837109249536853,0.959,0.93648,0.041,False,
downstream_flood_exceedance_minor,le,3.8164426741596076,0.959,0.93824,0.041,False,
downstream_flood_exceedance_minor,le,3.84917442336553,0.961,0.9402,0.039,False,
downstream_flood_exceedance_minor,le,3.881906172571452,0.967,0.94232,0.033,False,
downstream_flood_exceedance_minor,le,3.914637921777375,0.968,0.94412,0.032,False,
downstream_flood_exceedance_minor,le,3.947369670983297,0.971,0.9456,0.029,False,
downstream_flood_exceedance_minor,le,3.9801014201892193,0.972,0.94748,0.028,False,
downstream_flood_exceedance_minor,le,4.012833169395142,0.972,0.949,0.028,False,
downstream_flood_exceedance_minor,le,4.045564918601064,0.973,0.95028,0.027,False,
downstream_flood_exceedance_minor,le,4.0782966678069865,0.973,0.95184,0.027,False,
downstream_flood_exceedance_minor,le,4.111028417012909,0.974,0.95336,0.026,False,
downstream_flood_exceedance_minor,le,4.143760166218831,0.976,0.95436,0.024,False,
downstream_flood_exceedance_minor,le,4.176491915424753,0.976,0.9556,0.024,False,
downstream_flood_exceedance_minor,le,4.2092236646306755,0.976,0.95684,0.024,False,
downstream_flood_exceedance_minor,le,4.241955413836598,0.978,0.95844,0.022,False,
downstream_flood_exceedance_minor,le,4.27468716304252,0.979,0.95984,0.021,False,
downstream_flood_exceedance_minor,le,4.307418912248442,0.979,0.96084,0.021,False,
downstream_flood_exceedance_minor,le,4.3401506614543655,0.98,0.96204,0.02,False,
downstream_flood_exceedance_minor,le,4.372882410660288,0.982,0.9632,0.018,False,
downstream_flood_exceedance_minor,le,4.40561415986621,0.983,0.96448,0.017,False,
downstream_flood_exceedance_minor,le,4.438345909072132,0.987,0.96552,0.013,False,
downstream_flood_exceedance_minor,le,4.4710776582780545,0.988,0.9666,0.012,False,
downstream_flood_exceedance_minor,le,4.503809407483977,0.988,0.96764,0.012,False,
downstream_flood_exceedance_minor,le,4.536541156689899,0.988,0.96884,0.012,False,
downstream_flood_exceedance_minor,le,4.569272905895822,0.989,0.97004,0.011,False,
downstream_flood_exceedance_minor,le,4.602004655101744,0.989,0.97076,0.011,False,
downstream_flood_exceedance_minor,le,4.634736404307667,0.989,0.9718,0.011,False,
downstream_flood_exceedance_minor,le,4.667468153513589,0.99,0.97268,0.01,False,
downstream_flood_exceedance_minor,le,4.700199902719511,0.991,0.97408,0.009,False,
downstream_flood_exceedance_minor,le,4.732931651925433,0.992,0.97512,0.008,False,
downstream_flood_exceedance_minor,le,4.765663401131356,0.993,0.97608,0.007,False,
downstream_flood_exceedance_minor,le,4.798395150337278,0.993,0.97672,0.007,False,
downstream_flood_exceedance_minor,le,4.831126899543201,0.993,0.9774,0.007,False,
downstream_flood_exceedance_minor,le,4.863858648749123,0.993,0.97808,0.007,False,
downstream_flood_exceedance_minor,le,4.896590397955046,0.994,0.979,0.006,False,
downstream_flood_exceedance_minor,le,4.929322147160968,0.994,0.9796,0.006,False,
downstream_flood_exceedance_minor,le,4.96205389636689,0.995,0.98024,0.005,False,
downstream_flood_exceedance_minor,le,4.994785645572812,0.995,0.9808,0.005,False,
downstream_flood_exceedance_minor,le,5.027517394778735,0.995,0.98128,0.005,False,
downstream_flood_exceedance_minor,le,5.060249143984658,0.995,0.98176,0.005,False,
downstream_flood_exceedance_minor,le,5.09298089319058,0.996,0.9824,0.004,False,
downstream_flood_exceedance_minor,le,5.125712642396502,0.996,0.98288,0.004,False,
downstream_flood_exceedance_minor,le,5.1584443916024245,0.996,0.98324,0.004,False,
downstream_flood_exceedance_minor,le,5.191176140808347,0.997,0.98372,0.003,False,
downstream_flood_exceedance_minor,le,5.223907890014269,0.997,0.98428,0.003,False,
downstream_flood_exceedance_minor,le,5.256639639220191,0.999,0.9848,0.001,False,
downstream_flood_exceedance_minor,le,5.2893713884261135,0.999,0.9852,0.001,False,
downstream_flood_exceedance_minor,le,5.322103137632037,0.999,0.9856,0.001,False,
downstream_flood_exceedance_minor,le,5.354834886837959,0.999,0.98596,0.001,False,
downstream_flood_exceedance_minor,le,5.387566636043881,0.999,0.98656,0.001,False,
downstream_flood_exceedance_minor,le,5.4202983852498035,0.999,0.9872,0.001,False,
downstream_flood_exceedance_minor,le,5.453030134455726,0.999,0.9878,0.001,False,
downstream_flood_exceedance_minor,le,5.485761883661648,0.999,0.9882,0.001,False,
downstream_flood_exceedance_minor,le,5.51849363286757,0.999,0.98876,0.001,False,
downstream_flood_exceedance_minor,le,5.551225382073493,0.999,0.98948,0.001,False,
downstream_flood_exceedance_minor,le,5.583957131279416,0.999,0.9898,0.001,False,
downstream_flood_exceedance_minor,le,5.616688880485338,0.999,0.9902,0.001,False,
downstream_flood_exceedance_minor,le,5.64942062969126,0.999,0.99048,0.001,False,
downstream_flood_exceedance_minor,le,5.682152378897182,0.999,0.99076,0.001,False,
downstream_flood_exceedance_minor,le,5.714884128103105,0.999,0.991,0.001,False,
downstream_flood_exceedance_minor,le,5.747615877309027,0.999,0.99124,0.001,False,
downstream_flood_exceedance_minor,le,5.780347626514949,0.999,0.99144,0.001,False,
downstream_flood_exceedance_minor,le,5.813079375720872,0.999,0.9918,0.001,False,
downstream_flood_exceedance_minor,le,5.8458111249267946,0.999,0.99196,0.001,False,
downstream_flood_exceedance_minor,le,5.878542874132717,0.999,0.9922,0.001,False,
downstream_flood_exceedance_minor,le,5.911274623338639,0.999,0.99248,0.001,False,
downstream_flood_exceedance_minor,le,5.944006372544561,0.999,0.99276,0.001,False,
downstream_flood_exceedance_minor,le,5.976738121750484,0.999,0.99308,0.001,False,
downstream_flood_exceedance_minor,le,6.009469870956406,0.999,0.9934,0.001,False,
downstream_flood_exceedance_minor,le,6.042201620162329,0.999,0.99368,0.001,False,
downstream_flood_exceedance_minor,le,6.074933369368251,0.999,0.994,0.001,False,
downstream_flood_exceedance_minor,le,6.1076651185741735,0.999,0.99416,0.001,False,
downstream_flood_exceedance_minor,le,6.140396867780096,0.999,0.99452,0.001,False,
downstream_flood_exceedance_minor,le,6.173128616986018,0.999,0.99464,0.001,False,
downstream_flood_exceedance_minor,le,6.20586036619194,0.999,0.99484,0.001,False,
downstream_flood_exceedance_minor,le,6.2385921153978625,0.999,0.99504,0.001,False,
downstream_flood_exceedance_minor,le,6.271323864603785,0.999,0.99536,0.001,False,
downstream_flood_exceedance_minor,le,6.304055613809708,0.999,0.9956,0.001,False,
downstream_flood_exceedance_minor,le,6.33678736301563,0.999,0.99568,0.001,False,
downstream_flood_exceedance_minor,le,6.369519112221552,0.999,0.99584,0.001,False,
downstream_flood_exceedance_minor,le,6.402250861427475,0.999,0.99592,0.001,False,
downstream_flood_exceedance_minor,le,6.434982610633397,0.999,0.99608,0.001,False,
downstream_flood_exceedance_minor,le,6.467714359839319,0.999,0.9962,0.001,False,
downstream_flood_exceedance_minor,le,6.5004461090452414,0.999,0.99636,0.001,False,
downstream_flood_exceedance_minor,le,6.533177858251165,0.999,0.99644,0.001,False,
downstream_flood_exceedance_minor,le,6.565909607457087,0.999,0.99664,0.001,False,
downstream_flood_exceedance_minor,le,6.598641356663009,0.999,0.9968,0.001,False,
downstream_flood_exceedance_minor,le,6.631373105868931,0.999,0.99684,0.001,False,
downstream_flood_exceedance_minor,le,6.664104855074854,0.999,0.997,0.001,False,
downstream_flood_exceedance_minor,le,6.696836604280776,0.999,0.99708,0.001,False,
downstream_flood_exceedance_minor,le,6.729568353486698,0.999,0.99712,0.001,False,
downstream_flood_exceedance_minor,le,6.76230010269262,0.999,0.99716,0.001,False,
downstream_flood_exceedance_minor,le,6.7950318518985435,1.0,0.9972,0.0,False,
nyc_storage_p5_pct,ge,25.0,1.0,0.98604,0.0,True,current
nyc_storage_p5_pct,ge,25.147236664673848,1.0,0.98556,0.0,False,
nyc_storage_p5_pct,ge,25.294473329347696,1.0,0.98476,0.0,False,
nyc_storage_p5_pct,ge,25.441709994021547,1.0,0.9844,0.0,False,
nyc_storage_p5_pct,ge,25.588946658695395,1.0,0.9836,0.0,False,
nyc_storage_p5_pct,ge,25.736183323369243,1.0,0.98264,0.0,False,
nyc_storage_p5_pct,ge,25.88341998804309,1.0,0.98164,0.0,False,
nyc_storage_p5_pct,ge,26.03065665271694,1.0,0.98072,0.0,False,
nyc_storage_p5_pct,ge,26.17789331739079,1.0,0.97956,0.0,False,
nyc_storage_p5_pct,ge,26.325129982064638,1.0,0.97876,0.0,False,
nyc_storage_p5_pct,ge,26.472366646738486,1.0,0.97748,0.0,False,
nyc_storage_p5_pct,ge,26.619603311412334,1.0,0.9766,0.0,False,
nyc_storage_p5_pct,ge,26.76683997608618,1.0,0.97564,0.0,False,
nyc_storage_p5_pct,ge,26.914076640760033,1.0,0.97484,0.0,False,
nyc_storage_p5_pct,ge,27.06131330543388,1.0,0.97396,0.0,False,
nyc_storage_p5_pct,ge,27.20854997010773,1.0,0.97276,0.0,False,
nyc_storage_p5_pct,ge,27.355786634781577,1.0,0.97176,0.0,False,
nyc_storage_p5_pct,ge,27.50302329945543,1.0,0.9704,0.0,False,
nyc_storage_p5_pct,ge,27.650259964129276,1.0,0.96948,0.0,False,
nyc_storage_p5_pct,ge,27.797496628803124,1.0,0.9682,0.0,False,
nyc_storage_p5_pct,ge,27.944733293476972,1.0,0.96704,0.0,False,
nyc_storage_p5_pct,ge,28.09196995815082,1.0,0.96552,0.0,False,
nyc_storage_p5_pct,ge,28.239206622824668,1.0,0.96388,0.0,False,
nyc_storage_p5_pct,ge,28.38644328749852,1.0,0.96252,0.0,False,
nyc_storage_p5_pct,ge,28.533679952172367,1.0,0.9608,0.0,False,
nyc_storage_p5_pct,ge,28.680916616846215,1.0,0.95972,0.0,False,
nyc_storage_p5_pct,ge,28.828153281520063,1.0,0.9578,0.0,False,
nyc_storage_p5_pct,ge,28.975389946193914,1.0,0.95576,0.0,False,
nyc_storage_p5_pct,ge,29.122626610867762,0.999,0.95472,0.001,False,
nyc_storage_p5_pct,ge,29.26986327554161,0.995,0.95264,0.005,False,
nyc_storage_p5_pct,ge,29.417099940215458,0.994,0.9506,0.006,False,
nyc_storage_p5_pct,ge,29.564336604889306,0.992,0.94888,0.008,False,
nyc_storage_p5_pct,ge,29.711573269563154,0.992,0.94728,0.008,False,
nyc_storage_p5_pct,ge,29.858809934237005,0.989,0.94556,0.011,False,
nyc_storage_p5_pct,ge,30.006046598910853,0.988,0.94344,0.012,False,
nyc_storage_p5_pct,ge,30.1532832635847,0.983,0.9418,0.017,False,
nyc_storage_p5_pct,ge,30.30051992825855,0.981,0.93948,0.019,False,
nyc_storage_p5_pct,ge,30.4477565929324,0.979,0.9376,0.021,False,
nyc_storage_p5_pct,ge,30.594993257606248,0.978,0.9356,0.022,False,
nyc_storage_p5_pct,ge,30.742229922280096,0.976,0.93352,0.024,False,
nyc_storage_p5_pct,ge,30.889466586953944,0.974,0.93136,0.026,False,
nyc_storage_p5_pct,ge,31.03670325162779,0.97,0.929,0.03,False,
nyc_storage_p5_pct,ge,31.18393991630164,0.969,0.92656,0.031,False,
nyc_storage_p5_pct,ge,31.33117658097549,0.963,0.92408,0.037,False,
nyc_storage_p5_pct,ge,31.47841324564934,0.959,0.9214,0.041,False,
nyc_storage_p5_pct,ge,31.625649910323187,0.958,0.91848,0.042,False,
nyc_storage_p5_pct,ge,31.772886574997035,0.953,0.91588,0.047,False,
nyc_storage_p5_pct,ge,31.920123239670886,0.947,0.91292,0.053,False,
nyc_storage_p5_pct,ge,32.067359904344734,0.94,0.91004,0.06,False,
nyc_storage_p5_pct,ge,32.21459656901858,0.933,0.9076,0.067,False,
nyc_storage_p5_pct,ge,32.36183323369243,0.925,0.90504,0.075,False,
nyc_storage_p5_pct,ge,32.50906989836628,0.924,0.90236,0.076,False,
nyc_storage_p5_pct,ge,32.656306563040125,0.92,0.89956,0.08,False,
nyc_storage_p5_pct,ge,32.80354322771397,0.915,0.89632,0.085,False,
nyc_storage_p5_pct,ge,32.95077989238783,0.914,0.89336,0.086,False,
nyc_storage_p5_pct,ge,33.09801655706167,0.912,0.89052,0.088,False,
nyc_storage_p5_pct,ge,33.245253221735524,0.908,0.8872,0.092,False,
nyc_storage_p5_pct,ge,33.39248988640937,0.906,0.88408,0.094,False,
nyc_storage_p5_pct,ge,33.41538636421476,0.906,0.88356,0.094,False,historic_anchor
nyc_storage_p5_pct,ge,33.53972655108322,0.901,0.88056,0.099,False,
nyc_storage_p5_pct,ge,33.63136306596646,0.9,0.87788,0.1,False,sow_p10
nyc_storage_p5_pct,ge,33.68696321575707,0.899,0.87664,0.101,False,
nyc_storage_p5_pct,ge,33.834199880430916,0.893,0.87296,0.107,False,
nyc_storage_p5_pct,ge,33.98143654510476,0.885,0.86844,0.115,False,
nyc_storage_p5_pct,ge,34.12867320977861,0.881,0.865,0.119,False,
nyc_storage_p5_pct,ge,34.275909874452466,0.877,0.86132,0.123,False,
nyc_storage_p5_pct,ge,34.42314653912631,0.871,0.85724,0.129,False,
nyc_storage_p5_pct,ge,34.57038320380016,0.866,0.85316,0.134,False,
nyc_storage_p5_pct,ge,34.71761986847401,0.861,0.84948,0.139,False,
nyc_storage_p5_pct,ge,34.86485653314786,0.855,0.84496,0.145,False,
nyc_storage_p5_pct,ge,35.012093197821706,0.85,0.84084,0.15,False,
nyc_storage_p5_pct,ge,35.159329862495554,0.843,0.83708,0.157,False,
nyc_storage_p5_pct,ge,35.3065665271694,0.841,0.8326,0.159,False,
nyc_storage_p5_pct,ge,35.45380319184325,0.834,0.82832,0.166,False,
nyc_storage_p5_pct,ge,35.6010398565171,0.828,0.82428,0.172,False,
nyc_storage_p5_pct,ge,35.748276521190945,0.823,0.82072,0.177,False,
nyc_storage_p5_pct,ge,35.8955131858648,0.822,0.8154,0.178,False,
nyc_storage_p5_pct,ge,36.04274985053864,0.82,0.811,0.18,False,
nyc_storage_p5_pct,ge,36.189986515212496,0.814,0.80632,0.186,False,
nyc_storage_p5_pct,ge,36.337223179886344,0.809,0.8008,0.191,False,
nyc_storage_p5_pct,ge,36.48445984456019,0.8,0.79652,0.2,False,
nyc_storage_p5_pct,ge,36.63169650923404,0.793,0.79184,0.207,False,
nyc_storage_p5_pct,ge,36.77893317390789,0.789,0.78696,0.211,False,
nyc_storage_p5_pct,ge,36.926169838581735,0.785,0.78208,0.215,False,
nyc_storage_p5_pct,ge,37.07340650325558,0.779,0.77704,0.221,False,
nyc_storage_p5_pct,ge,37.22064316792944,0.772,0.77132,0.228,False,
nyc_storage_p5_pct,ge,37.36787983260328,0.769,0.76676,0.231,False,
nyc_storage_p5_pct,ge,37.515116497277134,0.765,0.76192,0.235,False,
nyc_storage_p5_pct,ge,37.66235316195098,0.761,0.75668,0.239,False,
nyc_storage_p5_pct,ge,37.80958982662483,0.753,0.75116,0.247,False,
nyc_storage_p5_pct,ge,37.95682649129868,0.744,0.746,0.256,False,
nyc_storage_p5_pct,ge,38.104063155972526,0.74,0.7402,0.26,False,
nyc_storage_p5_pct,ge,38.25129982064637,0.732,0.73508,0.268,False,
nyc_storage_p5_pct,ge,38.39853648532022,0.73,0.7302,0.27,False,
nyc_storage_p5_pct,ge,38.54577314999407,0.722,0.7244,0.278,False,
nyc_storage_p5_pct,ge,38.69300981466792,0.717,0.7186,0.283,False,
nyc_storage_p5_pct,ge,38.84024647934177,0.711,0.71236,0.289,False,
nyc_storage_p5_pct,ge,38.98748314401562,0.704,0.70712,0.296,False,
nyc_storage_p5_pct,ge,39.13471980868947,0.7,0.70152,0.3,False,
nyc_storage_p5_pct,ge,39.281956473363316,0.694,0.69552,0.306,False,
nyc_storage_p5_pct,ge,39.429193138037164,0.689,0.68944,0.311,False,
nyc_storage_p5_pct,ge,39.57642980271101,0.68,0.68336,0.32,False,
nyc_storage_p5_pct,ge,39.72366646738486,0.667,0.67784,0.333,False,
nyc_storage_p5_pct,ge,39.87090313205871,0.661,0.67144,0.339,False,
nyc_storage_p5_pct,ge,40.018139796732555,0.659,0.66512,0.341,False,
nyc_storage_p5_pct,ge,40.16537646140641,0.655,0.65896,0.345,False,
nyc_storage_p5_pct,ge,40.31261312608025,0.651,0.65288,0.349,False,
nyc_storage_p5_pct,ge,40.459849790754106,0.647,0.64704,0.353,False,
nyc_storage_p5_pct,ge,40.607086455427954,0.639,0.64088,0.361,False,
nyc_storage_p5_pct,ge,40.7543231201018,0.628,0.63288,0.372,False,
nyc_storage_p5_pct,ge,40.90155978477565,0.62,0.62616,0.38,False,
nyc_storage_p5_pct,ge,41.0487964494495,0.614,0.6192,0.386,False,
nyc_storage_p5_pct,ge,41.196033114123345,0.609,0.6124,0.391,False,
nyc_storage_p5_pct,ge,41.34326977879719,0.601,0.60576,0.399,False,
nyc_storage_p5_pct,ge,41.49050644347105,0.594,0.60024,0.406,False,
nyc_storage_p5_pct,ge,41.63774310814489,0.584,0.59328,0.416,False,
nyc_storage_p5_pct,ge,41.784979772818744,0.577,0.58652,0.423,False,
nyc_storage_p5_pct,ge,41.932216437492585,0.564,0.57904,0.436,False,
nyc_storage_p5_pct,ge,42.07945310216644,0.558,0.57152,0.442,False,
nyc_storage_p5_pct,ge,42.22668976684029,0.55,0.56432,0.45,False,
nyc_storage_p5_pct,ge,42.373926431514136,0.539,0.5578,0.461,False,
nyc_storage_p5_pct,ge,42.52116309618798,0.533,0.55076,0.467,False,
nyc_storage_p5_pct,ge,42.66839976086183,0.529,0.54376,0.471,False,
nyc_storage_p5_pct,ge,42.815636425535686,0.526,0.53652,0.474,False,
nyc_storage_p5_pct,ge,42.96287309020953,0.518,0.52972,0.482,False,
nyc_storage_p5_pct,ge,43.11010975488338,0.507,0.52372,0.493,False,
nyc_storage_p5_pct,ge,43.25734641955722,0.502,0.51656,0.498,False,
nyc_storage_p5_pct,ge,43.332728904868105,0.5,0.51232,0.5,False,sow_p50
nyc_storage_p5_pct,ge,43.40458308423108,0.499,0.50864,0.501,False,
nyc_storage_p5_pct,ge,43.551819748904926,0.494,0.50168,0.506,False,
nyc_storage_p5_pct,ge,43.699056413578774,0.488,0.4936,0.512,False,
nyc_storage_p5_pct,ge,43.84629307825262,0.484,0.48628,0.516,False,
nyc_storage_p5_pct,ge,43.99352974292647,0.476,0.47948,0.524,False,
nyc_storage_p5_pct,ge,44.14076640760032,0.468,0.47132,0.532,False,
nyc_storage_p5_pct,ge,44.288003072274165,0.457,0.46448,0.543,False,
nyc_storage_p5_pct,ge,44.43523973694802,0.453,0.45736,0.547,False,
nyc_storage_p5_pct,ge,44.58247640162186,0.447,0.4496,0.553,False,
nyc_storage_p5_pct,ge,44.729713066295716,0.44,0.44272,0.56,False,
nyc_storage_p5_pct,ge,44.87694973096956,0.431,0.435,0.569,False,
nyc_storage_p5_pct,ge,45.02418639564341,0.427,0.42712,0.573,False,
nyc_storage_p5_pct,ge,45.17142306031726,0.417,0.41956,0.583,False,
nyc_storage_p5_pct,ge,45.31865972499111,0.408,0.41176,0.592,False,
nyc_storage_p5_pct,ge,45.465896389664955,0.404,0.4046,0.596,False,
nyc_storage_p5_pct,ge,45.6131330543388,0.397,0.3962,0.603,False,
nyc_storage_p5_pct,ge,45.76036971901266,0.389,0.38824,0.611,False,
nyc_storage_p5_pct,ge,45.9076063836865,0.376,0.3802,0.624,False,
nyc_storage_p5_pct,ge,46.054843048360354,0.368,0.37312,0.632,False,
nyc_storage_p5_pct,ge,46.202079713034195,0.355,0.36544,0.645,False,
nyc_storage_p5_pct,ge,46.34931637770805,0.345,0.35748,0.655,False,
nyc_storage_p5_pct,ge,46.4965530423819,0.337,0.349,0.663,False,
nyc_storage_p5_pct,ge,46.643789707055745,0.333,0.34164,0.667,False,
nyc_storage_p5_pct,ge,46.79102637172959,0.328,0.33412,0.672,False,
nyc_storage_p5_pct,ge,46.93826303640344,0.317,0.32684,0.683,False,
nyc_storage_p5_pct,ge,47.08549970107729,0.311,0.31824,0.689,False,
nyc_storage_p5_pct,ge,47.23273636575114,0.298,0.31152,0.702,False,
nyc_storage_p5_pct,ge,47.37997303042499,0.288,0.30444,0.712,False,
nyc_storage_p5_pct,ge,47.52720969509883,0.277,0.29652,0.723,False,
nyc_storage_p5_pct,ge,47.67444635977269,0.272,0.28872,0.728,False,
nyc_storage_p5_pct,ge,47.82168302444653,0.263,0.28044,0.737,False,
nyc_storage_p5_pct,ge,47.96891968912038,0.255,0.27252,0.745,False,
nyc_storage_p5_pct,ge,48.11615635379423,0.25,0.26452,0.75,False,
nyc_storage_p5_pct,ge,48.26339301846808,0.239,0.25688,0.761,False,
nyc_storage_p5_pct,ge,48.41062968314193,0.23,0.24932,0.77,False,
nyc_storage_p5_pct,ge,48.557866347815775,0.223,0.24104,0.777,False,
nyc_storage_p5_pct,ge,48.70510301248963,0.214,0.23396,0.786,False,
nyc_storage_p5_pct,ge,48.85233967716347,0.212,0.22688,0.788,False,
nyc_storage_p5_pct,ge,48.999576341837326,0.202,0.21976,0.798,False,
nyc_storage_p5_pct,ge,49.14681300651117,0.191,0.21244,0.809,False,
nyc_storage_p5_pct,ge,49.29404967118502,0.184,0.20472,0.816,False,
nyc_storage_p5_pct,ge,49.44128633585887,0.177,0.19752,0.823,False,
nyc_storage_p5_pct,ge,49.58852300053272,0.164,0.19064,0.836,False,
nyc_storage_p5_pct,ge,49.735759665206565,0.152,0.18308,0.848,False,
nyc_storage_p5_pct,ge,49.88299632988041,0.141,0.176,0.859,False,
nyc_storage_p5_pct,ge,50.03023299455427,0.136,0.16948,0.864,False,
nyc_storage_p5_pct,ge,50.17746965922811,0.131,0.16256,0.869,False,
nyc_storage_p5_pct,ge,50.324706323901964,0.124,0.15552,0.876,False,
nyc_storage_p5_pct,ge,50.471942988575805,0.115,0.14852,0.885,False,
nyc_storage_p5_pct,ge,50.61917965324966,0.106,0.14172,0.894,False,
nyc_storage_p5_pct,ge,50.755609683946794,0.1,0.13544,0.9,False,sow_p90
nyc_storage_p5_pct,ge,50.76641631792351,0.098,0.13488,0.902,False,
nyc_storage_p5_pct,ge,50.913652982597355,0.09,0.12844,0.91,False,
nyc_storage_p5_pct,ge,51.0608896472712,0.081,0.12248,0.919,False,
nyc_storage_p5_pct,ge,51.20812631194505,0.078,0.11696,0.922,False,
nyc_storage_p5_pct,ge,51.3553629766189,0.07,0.11244,0.93,False,
nyc_storage_p5_pct,ge,51.50259964129275,0.064,0.10752,0.936,False,
nyc_storage_p5_pct,ge,51.6498363059666,0.055,0.10192,0.945,False,
nyc_storage_p5_pct,ge,51.79707297064044,0.053,0.09736,0.947,False,
nyc_storage_p5_pct,ge,51.9443096353143,0.042,0.09168,0.958,False,
nyc_storage_p5_pct,ge,52.09154629998814,0.04,0.08628,0.96,False,
nyc_storage_p5_pct,ge,52.23878296466199,0.034,0.08184,0.966,False,
nyc_storage_p5_pct,ge,52.38601962933584,0.03,0.07792,0.97,False,
nyc_storage_p5_pct,ge,52.53325629400969,0.027,0.07248,0.973,False,
nyc_storage_p5_pct,ge,52.68049295868354,0.022,0.06844,0.978,False,
nyc_storage_p5_pct,ge,52.827729623357385,0.019,0.065,0.981,False,
nyc_storage_p5_pct,ge,52.97496628803124,0.016,0.06088,0.984,False,
nyc_storage_p5_pct,ge,53.12220295270508,0.013,0.05672,0.987,False,
nyc_storage_p5_pct,ge,53.269439617378936,0.012,0.05268,0.988,False,
nyc_storage_p5_pct,ge,53.41667628205278,0.01,0.049,0.99,False,
nyc_storage_p5_pct,ge,53.56391294672663,0.009,0.04584,0.991,False,
nyc_storage_p5_pct,ge,53.71114961140048,0.007,0.04304,0.993,False,
nyc_storage_p5_pct,ge,53.85838627607433,0.005,0.04008,0.995,False,
nyc_storage_p5_pct,ge,54.005622940748175,0.003,0.03716,0.997,False,
nyc_storage_p5_pct,ge,54.15285960542202,0.002,0.0344,0.998,False,
nyc_storage_p5_pct,ge,54.30009627009587,0.001,0.03096,0.999,False,
nyc_storage_p5_pct,ge,54.44733293476972,0.001,0.02908,0.999,False,
nj_delivery_reliability_weekly,ge,0.744312814556717,1.0,0.97592,0.0,False,
nj_delivery_reliability_weekly,ge,0.7454010065814944,0.999,0.97472,0.001,False,
nj_delivery_reliability_weekly,ge,0.7464891986062718,0.999,0.97372,0.001,False,
nj_delivery_reliability_weekly,ge,0.7475773906310492,0.999,0.97292,0.001,False,
nj_delivery_reliability_weekly,ge,0.7486655826558266,0.999,0.972,0.001,False,
nj_delivery_reliability_weekly,ge,0.749753774680604,0.998,0.97088,0.002,False,
nj_delivery_reliability_weekly,ge,0.7508419667053814,0.997,0.96916,0.003,False,
nj_delivery_reliability_weekly,ge,0.7519301587301588,0.996,0.96768,0.004,False,
nj_delivery_reliability_weekly,ge,0.7530183507549362,0.995,0.96664,0.005,False,
nj_delivery_reliability_weekly,ge,0.7541065427797136,0.995,0.96584,0.005,False,
nj_delivery_reliability_weekly,ge,0.755194734804491,0.995,0.96484,0.005,False,
nj_delivery_reliability_weekly,ge,0.7562829268292683,0.995,0.96376,0.005,False,
nj_delivery_reliability_weekly,ge,0.7573711188540457,0.992,0.963,0.008,False,
nj_delivery_reliability_weekly,ge,0.7584593108788231,0.992,0.9612,0.008,False,
nj_delivery_reliability_weekly,ge,0.7595475029036005,0.991,0.96028,0.009,False,
nj_delivery_reliability_weekly,ge,0.7606356949283779,0.99,0.9582,0.01,False,
nj_delivery_reliability_weekly,ge,0.7617238869531553,0.989,0.95656,0.011,False,
nj_delivery_reliability_weekly,ge,0.7628120789779327,0.988,0.95504,0.012,False,
nj_delivery_reliability_weekly,ge,0.7639002710027101,0.986,0.95292,0.014,False,
nj_delivery_reliability_weekly,ge,0.7649884630274875,0.984,0.95156,0.016,False,
nj_delivery_reliability_weekly,ge,0.7660766550522649,0.978,0.94948,0.022,False,
nj_delivery_reliability_weekly,ge,0.7671648470770422,0.978,0.94764,0.022,False,
nj_delivery_reliability_weekly,ge,0.7682530391018196,0.976,0.9456,0.024,False,
nj_delivery_reliability_weekly,ge,0.769341231126597,0.974,0.94428,0.026,False,
nj_delivery_reliability_weekly,ge,0.7704294231513744,0.97,0.942,0.03,False,
nj_delivery_reliability_weekly,ge,0.7715176151761518,0.968,0.9408,0.032,False,
nj_delivery_reliability_weekly,ge,0.7726058072009292,0.964,0.93824,0.036,False,
nj_delivery_reliability_weekly,ge,0.7736939992257066,0.962,0.93608,0.038,False,
nj_delivery_reliability_weekly,ge,0.774782191250484,0.961,0.93392,0.039,False,
nj_delivery_reliability_weekly,ge,0.7758703832752614,0.96,0.93156,0.04,False,
nj_delivery_reliability_weekly,ge,0.7769585753000388,0.957,0.9302,0.043,False,
nj_delivery_reliability_weekly,ge,0.7780467673248161,0.953,0.92776,0.047,False,
nj_delivery_reliability_weekly,ge,0.7791349593495935,0.95,0.92516,0.05,False,
nj_delivery_reliability_weekly,ge,0.7802231513743709,0.945,0.9222,0.055,False,
nj_delivery_reliability_weekly,ge,0.7813113433991483,0.941,0.919,0.059,False,
nj_delivery_reliability_weekly,ge,0.7823995354239257,0.937,0.91704,0.063,False,
nj_delivery_reliability_weekly,ge,0.7834877274487031,0.932,0.91436,0.068,False,
nj_delivery_reliability_weekly,ge,0.7845759194734805,0.93,0.91128,0.07,False,
nj_delivery_reliability_weekly,ge,0.7856641114982579,0.929,0.90848,0.071,False,
nj_delivery_reliability_weekly,ge,0.7867523035230353,0.924,0.90532,0.076,False,
nj_delivery_reliability_weekly,ge,0.7878404955478127,0.919,0.90348,0.081,False,
nj_delivery_reliability_weekly,ge,0.78892868757259,0.916,0.9002,0.084,False,
nj_delivery_reliability_weekly,ge,0.7900168795973674,0.914,0.89668,0.086,False,
nj_delivery_reliability_weekly,ge,0.7911050716221448,0.909,0.89388,0.091,False,
nj_delivery_reliability_weekly,ge,0.7921932636469222,0.907,0.891,0.093,False,
nj_delivery_reliability_weekly,ge,0.7932814556716996,0.906,0.88748,0.094,False,
nj_delivery_reliability_weekly,ge,0.794369647696477,0.901,0.88548,0.099,False,
nj_delivery_reliability_weekly,ge,0.7951095625241966,0.9,0.88368,0.1,False,sow_p10
nj_delivery_reliability_weekly,ge,0.7954578397212544,0.899,0.8828,0.101,False,
nj_delivery_reliability_weekly,ge,0.7965460317460318,0.896,0.8786,0.104,False,
nj_delivery_reliability_weekly,ge,0.7976342237708092,0.893,0.8756,0.107,False,
nj_delivery_reliability_weekly,ge,0.7987224157955866,0.89,0.8724,0.11,False,
nj_delivery_reliability_weekly,ge,0.799810607820364,0.884,0.87012,0.116,False,
nj_delivery_reliability_weekly,ge,0.8008987998451413,0.88,0.86652,0.12,False,
nj_delivery_reliability_weekly,ge,0.8019869918699187,0.878,0.86268,0.122,False,
nj_delivery_reliability_weekly,ge,0.8030751838946961,0.872,0.85864,0.128,False,
nj_delivery_reliability_weekly,ge,0.8041633759194736,0.868,0.85512,0.132,False,
nj_delivery_reliability_weekly,ge,0.805251567944251,0.863,0.85292,0.137,False,
nj_delivery_reliability_weekly,ge,0.8063397599690284,0.859,0.84964,0.141,False,
nj_delivery_reliability_weekly,ge,0.8074279519938058,0.856,0.8456,0.144,False,
nj_delivery_reliability_weekly,ge,0.8085161440185832,0.851,0.84168,0.149,False,
nj_delivery_reliability_weekly,ge,0.8096043360433606,0.846,0.83792,0.154,False,
nj_delivery_reliability_weekly,ge,0.810692528068138,0.843,0.834,0.157,False,
nj_delivery_reliability_weekly,ge,0.8117807200929154,0.837,0.83204,0.163,False,
nj_delivery_reliability_weekly,ge,0.8128689121176927,0.833,0.82816,0.167,False,
nj_delivery_reliability_weekly,ge,0.8139571041424701,0.83,0.82392,0.17,False,
nj_delivery_reliability_weekly,ge,0.8150452961672475,0.824,0.81964,0.176,False,
nj_delivery_reliability_weekly,ge,0.8161334881920249,0.818,0.81544,0.182,False,
nj_delivery_reliability_weekly,ge,0.8172216802168023,0.815,0.8122,0.185,False,
nj_delivery_reliability_weekly,ge,0.8183098722415797,0.81,0.80828,0.19,False,
nj_delivery_reliability_weekly,ge,0.8193980642663571,0.808,0.80468,0.192,False,
nj_delivery_reliability_weekly,ge,0.8204862562911345,0.802,0.80032,0.198,False,
nj_delivery_reliability_weekly,ge,0.8215744483159119,0.798,0.7958,0.202,False,
nj_delivery_reliability_weekly,ge,0.8226626403406893,0.79,0.79288,0.21,False,
nj_delivery_reliability_weekly,ge,0.8237508323654666,0.787,0.78848,0.213,False,
nj_delivery_reliability_weekly,ge,0.824839024390244,0.784,0.78352,0.216,False,
nj_delivery_reliability_weekly,ge,0.8259272164150214,0.781,0.77912,0.219,False,
nj_delivery_reliability_weekly,ge,0.8270154084397988,0.776,0.77376,0.224,False,
nj_delivery_reliability_weekly,ge,0.8281036004645762,0.772,0.77088,0.228,False,
nj_delivery_reliability_weekly,ge,0.8291917924893536,0.766,0.7656,0.234,False,
nj_delivery_reliability_weekly,ge,0.830279984514131,0.76,0.76152,0.24,False,
nj_delivery_reliability_weekly,ge,0.8313681765389084,0.753,0.75692,0.247,False,
nj_delivery_reliability_weekly,ge,0.8324563685636858,0.749,0.75152,0.251,False,
nj_delivery_reliability_weekly,ge,0.8335445605884632,0.747,0.74708,0.253,False,
nj_delivery_reliability_weekly,ge,0.8346327526132405,0.744,0.74396,0.256,False,
nj_delivery_reliability_weekly,ge,0.8357209446380179,0.735,0.73808,0.265,False,
nj_delivery_reliability_weekly,ge,0.8368091366627953,0.727,0.73384,0.273,False,
nj_delivery_reliability_weekly,ge,0.8378973286875727,0.725,0.72732,0.275,False,
nj_delivery_reliability_weekly,ge,0.8389855207123501,0.719,0.72192,0.281,False,
nj_delivery_reliability_weekly,ge,0.8400737127371275,0.716,0.7182,0.284,False,
nj_delivery_reliability_weekly,ge,0.8411619047619049,0.711,0.7128,0.289,False,
nj_delivery_reliability_weekly,ge,0.8422500967866823,0.707,0.7066,0.293,False,
nj_delivery_reliability_weekly,ge,0.8433382888114597,0.703,0.70192,0.297,False,
nj_delivery_reliability_weekly,ge,0.8444264808362371,0.698,0.69664,0.302,False,
nj_delivery_reliability_weekly,ge,0.8455146728610144,0.692,0.69328,0.308,False,
nj_delivery_reliability_weekly,ge,0.8466028648857918,0.687,0.68864,0.313,False,
nj_delivery_reliability_weekly,ge,0.8476910569105692,0.681,0.683,0.319,False,
nj_delivery_reliability_weekly,ge,0.8487792489353466,0.674,0.67768,0.326,False,
nj_delivery_reliability_weekly,ge,0.849867440960124,0.669,0.67256,0.331,False,
nj_delivery_reliability_weekly,ge,0.8509556329849014,0.661,0.66664,0.339,False,
nj_delivery_reliability_weekly,ge,0.8520438250096788,0.658,0.66284,0.342,False,
nj_delivery_reliability_weekly,ge,0.8531320170344562,0.65,0.65608,0.35,False,
nj_delivery_reliability_weekly,ge,0.8542202090592336,0.638,0.65012,0.362,False,
nj_delivery_reliability_weekly,ge,0.855308401084011,0.63,0.64416,0.37,False,
nj_delivery_reliability_weekly,ge,0.8563965931087884,0.624,0.63772,0.376,False,
nj_delivery_reliability_weekly,ge,0.8574847851335657,0.618,0.63336,0.382,False,
nj_delivery_reliability_weekly,ge,0.8585729771583431,0.615,0.62708,0.385,False,
nj_delivery_reliability_weekly,ge,0.8596611691831205,0.61,0.61996,0.39,False,
nj_delivery_reliability_weekly,ge,0.8607493612078979,0.605,0.61396,0.395,False,
nj_delivery_reliability_weekly,ge,0.8618375532326753,0.597,0.60812,0.403,False,
nj_delivery_reliability_weekly,ge,0.8629257452574527,0.595,0.60432,0.405,False,
nj_delivery_reliability_weekly,ge,0.8640139372822301,0.587,0.598,0.413,False,
nj_delivery_reliability_weekly,ge,0.8651021293070075,0.58,0.59248,0.42,False,
nj_delivery_reliability_weekly,ge,0.8661903213317849,0.573,0.5872,0.427,False,
nj_delivery_reliability_weekly,ge,0.8672785133565623,0.57,0.58032,0.43,False,
nj_delivery_reliability_weekly,ge,0.8683667053813396,0.564,0.57552,0.436,False,
nj_delivery_reliability_weekly,ge,0.869454897406117,0.555,0.56912,0.445,False,
nj_delivery_reliability_weekly,ge,0.8705430894308944,0.547,0.56264,0.453,False,
nj_delivery_reliability_weekly,ge,0.8716312814556718,0.543,0.5556,0.457,False,
nj_delivery_reliability_weekly,ge,0.8727194734804492,0.537,0.54856,0.463,False,
nj_delivery_reliability_weekly,ge,0.8738076655052266,0.532,0.5414,0.468,False,
nj_delivery_reliability_weekly,ge,0.874895857530004,0.527,0.5366,0.473,False,
nj_delivery_reliability_weekly,ge,0.8759840495547814,0.525,0.52936,0.475,False,
nj_delivery_reliability_weekly,ge,0.8770722415795588,0.518,0.52228,0.482,False,
nj_delivery_reliability_weekly,ge,0.8781604336043362,0.512,0.5162,0.488,False,
nj_delivery_reliability_weekly,ge,0.8792486256291135,0.506,0.50884,0.494,False,
nj_delivery_reliability_weekly,ge,0.8803368176538909,0.501,0.50476,0.499,False,
nj_delivery_reliability_weekly,ge,0.8806194347657763,0.5,0.5024,0.5,False,sow_p50
nj_delivery_reliability_weekly,ge,0.8814250096786683,0.496,0.4974,0.504,False,
nj_delivery_reliability_weekly,ge,0.8825132017034457,0.488,0.49152,0.512,False,
nj_delivery_reliability_weekly,ge,0.8836013937282231,0.483,0.48468,0.517,False,
nj_delivery_reliability_weekly,ge,0.8846895857530005,0.473,0.47744,0.527,False,
nj_delivery_reliability_weekly,ge,0.8857777777777779,0.462,0.47184,0.538,False,
nj_delivery_reliability_weekly,ge,0.8868659698025553,0.456,0.46416,0.544,False,
nj_delivery_reliability_weekly,ge,0.8879541618273327,0.453,0.4568,0.547,False,
nj_delivery_reliability_weekly,ge,0.8890423538521101,0.45,0.44976,0.55,False,
nj_delivery_reliability_weekly,ge,0.8901305458768874,0.443,0.44136,0.557,False,
nj_delivery_reliability_weekly,ge,0.8912187379016648,0.434,0.43332,0.566,False,
nj_delivery_reliability_weekly,ge,0.8923069299264422,0.425,0.4284,0.575,False,
nj_delivery_reliability_weekly,ge,0.8933951219512196,0.417,0.42104,0.583,False,
nj_delivery_reliability_weekly,ge,0.894483313975997,0.412,0.41292,0.588,False,
nj_delivery_reliability_weekly,ge,0.8955715060007744,0.405,0.40472,0.595,False,
nj_delivery_reliability_weekly,ge,0.8966596980255518,0.396,0.39648,0.604,False,
nj_delivery_reliability_weekly,ge,0.8977478900503293,0.386,0.39164,0.614,False,
nj_delivery_reliability_weekly,ge,0.8988360820751067,0.378,0.38412,0.622,False,
nj_delivery_reliability_weekly,ge,0.8999242740998841,0.371,0.37616,0.629,False,
nj_delivery_reliability_weekly,ge,0.9010124661246615,0.362,0.3674,0.638,False,
nj_delivery_reliability_weekly,ge,0.9021006581494388,0.356,0.35948,0.644,False,
nj_delivery_reliability_weekly,ge,0.9031888501742162,0.351,0.3534,0.649,False,
nj_delivery_reliability_weekly,ge,0.9042770421989936,0.338,0.34452,0.662,False,
nj_delivery_reliability_weekly,ge,0.905365234223771,0.332,0.3362,0.668,False,
nj_delivery_reliability_weekly,ge,0.9064534262485484,0.321,0.32728,0.679,False,
nj_delivery_reliability_weekly,ge,0.9075416182733258,0.309,0.31888,0.691,False,
nj_delivery_reliability_weekly,ge,0.9086298102981032,0.299,0.31296,0.701,False,
nj_delivery_reliability_weekly,ge,0.9097180023228806,0.287,0.30484,0.713,False,
nj_delivery_reliability_weekly,ge,0.910806194347658,0.279,0.2964,0.721,False,
nj_delivery_reliability_weekly,ge,0.9118943863724354,0.269,0.28744,0.731,False,
nj_delivery_reliability_weekly,ge,0.9129825783972128,0.262,0.27976,0.738,False,
nj_delivery_reliability_weekly,ge,0.9140707704219901,0.254,0.2718,0.746,False,
nj_delivery_reliability_weekly,ge,0.9151589624467675,0.247,0.26668,0.753,False,
nj_delivery_reliability_weekly,ge,0.9162471544715449,0.24,0.25812,0.76,False,
nj_delivery_reliability_weekly,ge,0.9173353464963223,0.235,0.24968,0.765,False,
nj_delivery_reliability_weekly,ge,0.9184235385210997,0.225,0.2424,0.775,False,
nj_delivery_reliability_weekly,ge,0.9188376753507014,0.224,0.2398,0.776,False,historic_anchor
nj_delivery_reliability_weekly,ge,0.9195117305458771,0.221,0.23372,0.779,False,
nj_delivery_reliability_weekly,ge,0.9205999225706545,0.207,0.22864,0.793,False,
nj_delivery_reliability_weekly,ge,0.9216881145954319,0.191,0.2212,0.809,False,
nj_delivery_reliability_weekly,ge,0.9227763066202093,0.179,0.21332,0.821,False,
nj_delivery_reliability_weekly,ge,0.9238644986449867,0.166,0.20572,0.834,False,
nj_delivery_reliability_weekly,ge,0.924952690669764,0.157,0.19708,0.843,False,
nj_delivery_reliability_weekly,ge,0.9260408826945414,0.15,0.19132,0.85,False,
nj_delivery_reliability_weekly,ge,0.9271290747193188,0.143,0.18292,0.857,False,
nj_delivery_reliability_weekly,ge,0.9282172667440962,0.136,0.17492,0.864,False,
nj_delivery_reliability_weekly,ge,0.9293054587688736,0.129,0.16772,0.871,False,
nj_delivery_reliability_weekly,ge,0.930393650793651,0.12,0.16004,0.88,False,
nj_delivery_reliability_weekly,ge,0.9314818428184284,0.111,0.15252,0.889,False,
nj_delivery_reliability_weekly,ge,0.9325700348432058,0.106,0.14744,0.894,False,
nj_delivery_reliability_weekly,ge,0.9332574525745256,0.1,0.14216,0.9,False,sow_p90
nj_delivery_reliability_weekly,ge,0.9336582268679832,0.099,0.13984,0.901,False,
nj_delivery_reliability_weekly,ge,0.9347464188927606,0.095,0.13324,0.905,False,
nj_delivery_reliability_weekly,ge,0.935834610917538,0.09,0.12512,0.91,False,
nj_delivery_reliability_weekly,ge,0.9369228029423153,0.089,0.1184,0.911,False,
nj_delivery_reliability_weekly,ge,0.9380109949670927,0.084,0.11388,0.916,False,
nj_delivery_reliability_weekly,ge,0.9390991869918701,0.077,0.10604,0.923,False,
nj_delivery_reliability_weekly,ge,0.9401873790166475,0.071,0.09976,0.929,False,
nj_delivery_reliability_weekly,ge,0.9412755710414249,0.064,0.09388,0.936,False,
nj_delivery_reliability_weekly,ge,0.9423637630662023,0.057,0.08792,0.943,False,
nj_delivery_reliability_weekly,ge,0.9434519550909797,0.053,0.08384,0.947,False,
nj_delivery_reliability_weekly,ge,0.9445401471157571,0.046,0.07744,0.954,False,
nj_delivery_reliability_weekly,ge,0.9456283391405345,0.04,0.07156,0.96,False,
nj_delivery_reliability_weekly,ge,0.9467165311653118,0.036,0.06584,0.964,False,
nj_delivery_reliability_weekly,ge,0.9478047231900892,0.03,0.06096,0.97,False,
nj_delivery_reliability_weekly,ge,0.9488929152148666,0.026,0.05808,0.974,False,
nj_delivery_reliability_weekly,ge,0.949981107239644,0.02,0.05332,0.98,False,
nj_delivery_reliability_weekly,ge,0.95,0.02,0.05332,0.98,True,current
nj_delivery_reliability_weekly,ge,0.9510692992644214,0.018,0.04888,0.982,False,
nj_delivery_reliability_weekly,ge,0.9521574912891988,0.016,0.0442,0.984,False,
nj_delivery_reliability_weekly,ge,0.9532456833139762,0.014,0.0398,0.986,False,
nj_delivery_reliability_weekly,ge,0.9543338753387536,0.011,0.036,0.989,False,
nj_delivery_reliability_weekly,ge,0.955422067363531,0.01,0.0342,0.99,False,
nj_delivery_reliability_weekly,ge,0.9565102593883084,0.01,0.03036,0.99,False,
nj_delivery_reliability_weekly,ge,0.9575984514130857,0.007,0.02744,0.993,False,
nj_delivery_reliability_weekly,ge,0.9586866434378631,0.007,0.0246,0.993,False,
nj_delivery_reliability_weekly,ge,0.9597748354626405,0.003,0.02156,0.997,False,
nj_delivery_reliability_weekly,ge,0.9608630274874179,0.001,0.02004,0.999,False,
nj_delivery_reliability_weekly,ge,0.9619512195121953,0.001,0.018,0.999,False,
