k,realization_batch,n_ranks_reported,n_warm,warm_median_s,warm_q25_s,warm_q75_s,warm_p90_s,cold_median_s,evals_per_node_hr,su_per_1000_evals,rss_median_mb,rss_max_mb,node_projected_gb,objs_ok_frac,n_distinct_obj_vectors,step_rc,completed,slowdown_vs_k1
1,0,1,6,60.966499999999996,60.79275,61.03225,61.287,64.406,59.04882189399097,2167.697777777778,753.7,753.7,0.73603515625,1.0,1,0,True,1.0
8,0,8,32,61.7285,61.3985,61.909,62.1209,63.5065,466.55920684934836,274.3488888888889,690.0,690.8,5.396875,1.0,1,0,True,1.0124986673008947
16,0,16,32,61.701,61.3945,61.979,62.353899999999996,63.411500000000004,933.5343025234599,137.11333333333334,690.45,692.2,10.815625,1.0,1,0,True,1.012047599911427
32,0,32,64,61.826499999999996,61.58175,62.1175,62.4807,63.6865,1863.2786911761139,68.69611111111111,693.25,696.9,21.778125,1.0,1,0,True,1.0141061074524533
48,0,48,96,64.732,64.28575000000001,65.09475,65.4745,66.6495,2669.4679602051538,47.94962962962963,696.5,699.6,32.79375,1.0,1,0,True,1.061763427456062
64,0,64,128,70.999,69.40375,71.67475,72.0929,73.9785,3245.1161283961746,39.443888888888885,698.45,701.4,43.8375,1.0,1,0,True,1.1645575849031846
96,0,96,192,69.3075,62.53425,71.32849999999999,71.973,70.6345,4986.473325397684,25.669444444444444,703.9,707.8,66.35624999999999,1.0,1,0,True,1.136812839838272
128,0,128,256,71.229,70.5595,71.74425,72.078,75.50550000000001,6469.275154782462,19.785833333333333,709.0,712.4,89.05,1.0,1,0,True,1.1683301485241895
